"0","#Second run Reco Module"
"0","#Add modeled GPP into data before running Reco module (16th column)"
"0","All_sites_master[,16]<-GPP_mod$GPP"
"0",""
"0","source('PEPRMT_Reco_FINAL.R')"
"0",""
"0","Reco_theta <- c(18.41329, 1487.65701,   11.65972,   61.29611 )"
"0","    Reco_mod <- PEPRMT_Reco_FINAL(Reco_theta,"
"0","                                  data = All_sites_master,"
"0","                                  wetland_type=2)"
"1","   [1]"
"1","  526.4764"
"1","  526.1194"
"1","  525.7844"
"1","  525.4581"
"1","  525.1550"
"1","  524.8596"
"1","  524.5512"
"1","  524.2371"
"1","  523.9371"
"1","  523.6340"
"1","  523.3240"
"1","  523.0129"
"1","  522.7029"
"1","  522.3926"
"1","  522.0604"
"1","  521.7461"
"1","
"
"1","  [17]"
"1","  521.4397"
"1","  521.1306"
"1","  520.8082"
"1","  520.4690"
"1","  520.1040"
"1","  519.7427"
"1","  519.3998"
"1","  519.0548"
"1","  518.7064"
"1","  518.3369"
"1","  517.9761"
"1","  517.6482"
"1","  517.3267"
"1","  517.0062"
"1","  516.6905"
"1","  516.3727"
"1","
"
"1","  [33]"
"1","  516.0350"
"1","  515.6880"
"1","  515.3115"
"1","  514.9658"
"1","  514.6400"
"1","  514.3158"
"1","  513.9995"
"1","  513.6718"
"1","  513.3171"
"1","  512.9411"
"1","  512.5492"
"1","  512.1533"
"1","  511.7946"
"1","  511.4441"
"1","  511.0980"
"1","  510.7557"
"1","
"
"1","  [49]"
"1","  510.4102"
"1","  510.0558"
"1","  509.6893"
"1","  509.3228"
"1","  508.9724"
"1","  508.6015"
"1","  508.2406"
"1","  507.9017"
"1","  507.5718"
"1","  507.2331"
"1","  506.8784"
"1","  506.5365"
"1","  506.2189"
"1","  505.8944"
"1","  505.5675"
"1","  505.2370"
"1","
"
"1","  [65]"
"1","  504.8938"
"1","  504.5339"
"1","  504.1635"
"1","  503.7936"
"1","  503.4462"
"1","  503.1036"
"1","  502.7675"
"1","  502.4137"
"1","  502.0675"
"1","  501.7242"
"1","  501.3887"
"1","  501.0524"
"1","  500.7070"
"1","  500.3695"
"1","  500.0170"
"1","  499.6754"
"1","
"
"1","  [81]"
"1","  499.3341"
"1","  498.9754"
"1","  498.6235"
"1","  498.2702"
"1","  497.9219"
"1","  497.5504"
"1","  497.1689"
"1","  496.8110"
"1","  496.4655"
"1","  496.1150"
"1","  495.7642"
"1","  495.4178"
"1","  495.0763"
"1","  494.7383"
"1","  494.4001"
"1","  494.0543"
"1","
"
"1","  [97]"
"1","  493.7107"
"1","  493.3637"
"1","  493.0186"
"1","  492.6655"
"1","  492.3142"
"1","  491.9400"
"1","  491.5355"
"1","  491.1574"
"1","  490.8175"
"1","  490.4802"
"1","  490.1210"
"1","  489.7211"
"1","  489.3377"
"1","  488.9790"
"1","  488.6281"
"1","  488.2790"
"1","
"
"1"," [113]"
"1","  487.9232"
"1","  487.5591"
"1","  487.1972"
"1","  486.8465"
"1","  486.4801"
"1","  486.0988"
"1","  485.7315"
"1","  485.3693"
"1","  485.0150"
"1","  484.6543"
"1","  484.2905"
"1","  483.9289"
"1","  483.5829"
"1","  483.2432"
"1","  482.8929"
"1","  482.5119"
"1","
"
"1"," [129]"
"1","  482.0957"
"1","  481.7130"
"1","  481.3462"
"1","  480.9902"
"1","  480.6417"
"1","  480.2894"
"1","  479.9179"
"1","  479.5205"
"1","  479.1562"
"1","  478.7947"
"1","  478.4282"
"1","  478.0659"
"1","  477.6985"
"1","  477.3043"
"1","  476.9238"
"1","  476.5567"
"1","
"
"1"," [145]"
"1","  476.1782"
"1","  475.8033"
"1","  475.4333"
"1","  475.0609"
"1","  474.6834"
"1","  474.3205"
"1","  473.9619"
"1","  473.5985"
"1","  473.2383"
"1","  472.8762"
"1","  472.5090"
"1","  472.1293"
"1","  471.7568"
"1","  471.3861"
"1","  471.0229"
"1","  470.6610"
"1","
"
"1"," [161]"
"1","  470.2992"
"1","  469.9505"
"1","  469.6069"
"1","  469.2612"
"1","  468.9190"
"1","  468.5723"
"1","  468.2292"
"1","  467.8893"
"1","  467.5482"
"1","  467.1866"
"1","  466.8196"
"1","  466.4662"
"1","  466.1046"
"1","  465.7649"
"1","  465.4142"
"1","  465.0489"
"1","
"
"1"," [177]"
"1","  464.6858"
"1","  464.3137"
"1","  463.9513"
"1","  463.6075"
"1","  463.2618"
"1","  462.9054"
"1","  462.5484"
"1","  462.1882"
"1","  461.8269"
"1","  461.4848"
"1","  461.1388"
"1","  460.7892"
"1","  460.4304"
"1","  460.0747"
"1","  459.7240"
"1","  459.3746"
"1","
"
"1"," [193]"
"1","  459.0282"
"1","  458.6739"
"1","  458.3175"
"1","  457.9531"
"1","  457.5906"
"1","  457.2417"
"1","  456.8959"
"1","  456.5478"
"1","  456.1978"
"1","  455.8439"
"1","  455.4974"
"1","  455.1571"
"1","  454.8086"
"1","  454.4545"
"1","  454.1075"
"1","  453.7593"
"1","
"
"1"," [209]"
"1","  453.4172"
"1","  453.0808"
"1","  452.7420"
"1","  452.4039"
"1","  452.0718"
"1","  451.7341"
"1","  451.4010"
"1","  451.0706"
"1","  450.7292"
"1","  450.3552"
"1","  450.0034"
"1","  449.6710"
"1","  449.3355"
"1","  448.9972"
"1","  448.6659"
"1","  448.3317"
"1","
"
"1"," [225]"
"1","  448.0070"
"1","  447.6757"
"1","  447.3258"
"1","  446.9736"
"1","  446.6156"
"1","  446.2451"
"1","  445.8771"
"1","  445.5303"
"1","  445.1922"
"1","  444.8478"
"1","  444.4717"
"1","  444.1064"
"1","  443.7659"
"1","  443.4346"
"1","  443.1046"
"1","  442.7584"
"1","
"
"1"," [241]"
"1","  442.4253"
"1","  442.0949"
"1","  441.7464"
"1","  441.4165"
"1","  441.0993"
"1","  440.7753"
"1","  440.4413"
"1","  440.1213"
"1","  439.8085"
"1","  439.4939"
"1","  439.1765"
"1","  438.8550"
"1","  438.5256"
"1","  438.1921"
"1","  437.8613"
"1","  437.5270"
"1","
"
"1"," [257]"
"1","  437.2063"
"1","  436.8938"
"1","  436.5693"
"1","  436.2209"
"1","  435.8799"
"1","  435.5408"
"1","  435.2188"
"1","  434.9018"
"1","  434.5833"
"1","  434.2690"
"1","  433.9488"
"1","  433.6456"
"1","  433.3653"
"1","  433.0640"
"1","  432.7726"
"1","  432.4849"
"1","
"
"1"," [273]"
"1","  432.1995"
"1","  431.9201"
"1","  431.6358"
"1","  431.3556"
"1","  431.0797"
"1","  430.7989"
"1","  430.5126"
"1","  430.2029"
"1","  429.8933"
"1","  429.5817"
"1","  429.2711"
"1","  428.9781"
"1","  428.6843"
"1","  428.3808"
"1","  428.0613"
"1","  427.7548"
"1","
"
"1"," [289]"
"1","  427.4571"
"1","  427.1714"
"1","  426.9018"
"1","  426.6218"
"1","  426.3400"
"1","  426.0514"
"1","  425.7602"
"1","  425.4814"
"1","  425.2049"
"1","  424.9368"
"1","  424.6648"
"1","  424.3978"
"1","  424.1101"
"1","  423.8299"
"1","  423.5360"
"1","  423.2363"
"1","
"
"1"," [305]"
"1","  422.9317"
"1","  422.6403"
"1","  422.3523"
"1","  422.0609"
"1","  421.7858"
"1","  421.4966"
"1","  421.2197"
"1","  420.9408"
"1","  420.6542"
"1","  420.3732"
"1","  420.1030"
"1","  419.8226"
"1","  419.5445"
"1","  419.2843"
"1","  419.0147"
"1","  967.8000"
"1","
"
"1"," [321]"
"1","  967.3626"
"1","  966.9324"
"1","  966.4885"
"1","  966.0345"
"1","  965.5368"
"1","  965.0475"
"1","  964.5309"
"1","  964.0028"
"1","  963.4666"
"1","  962.9767"
"1","  962.4721"
"1","  961.9485"
"1","  961.4404"
"1","  960.9296"
"1","  960.4204"
"1","  959.8805"
"1","
"
"1"," [337]"
"1","  959.3462"
"1","  958.8153"
"1","  958.2713"
"1","  957.7458"
"1","  957.2497"
"1","  956.7703"
"1","  956.2927"
"1","  955.7953"
"1","  955.2935"
"1","  954.7822"
"1","  954.2606"
"1","  953.7274"
"1","  953.2091"
"1","  952.6880"
"1","  952.1584"
"1","  951.6293"
"1","
"
"1"," [353]"
"1","  951.1148"
"1","  950.6066"
"1","  950.1386"
"1","  949.7011"
"1","  949.2560"
"1","  948.8052"
"1","  948.3429"
"1","  947.8779"
"1","  947.4269"
"1","  946.9736"
"1","  946.5131"
"1","  945.9923"
"1","  945.4737"
"1","  945.0046"
"1","  944.5383"
"1","  944.0807"
"1","
"
"1"," [369]"
"1","  943.6351"
"1","  943.1867"
"1","  942.7077"
"1","  942.2392"
"1","  941.7781"
"1","  941.3180"
"1","  940.8331"
"1","  940.3315"
"1","  939.8136"
"1","  939.2986"
"1","  938.8019"
"1","  938.3145"
"1","  937.7945"
"1","  937.2790"
"1","  936.7823"
"1","  936.2698"
"1","
"
"1"," [385]"
"1","  935.7487"
"1","  935.2615"
"1","  934.7849"
"1","  934.3161"
"1","  933.8351"
"1","  933.3511"
"1","  932.8580"
"1","  932.3645"
"1","  931.8663"
"1","  931.3629"
"1","  930.8435"
"1","  930.3032"
"1","  929.7599"
"1","  929.2249"
"1","  928.7095"
"1","  928.2099"
"1","
"
"1"," [401]"
"1","  927.7051"
"1","  927.1912"
"1","  926.6862"
"1","  926.1671"
"1","  925.6366"
"1","  925.0985"
"1","  924.5815"
"1","  924.0734"
"1","  923.5581"
"1","  923.0213"
"1","  922.4881"
"1","  921.9601"
"1","  921.4307"
"1","  920.8960"
"1","  920.3686"
"1","  919.8184"
"1","
"
"1"," [417]"
"1","  919.2606"
"1","  918.6968"
"1","  918.1628"
"1","  917.6368"
"1","  917.1234"
"1","  916.6005"
"1","  916.0649"
"1","  915.5569"
"1","  915.0531"
"1","  914.5334"
"1","  913.9992"
"1","  913.4276"
"1","  912.8811"
"1","  912.3691"
"1","  911.8539"
"1","  911.3028"
"1","
"
"1"," [433]"
"1","  910.6810"
"1","  910.0743"
"1","  909.5344"
"1","  908.9829"
"1","  908.4464"
"1","  907.9192"
"1","  907.3813"
"1","  906.8515"
"1","  906.3111"
"1","  905.7638"
"1","  905.2301"
"1","  904.7180"
"1","  904.2007"
"1","  903.6753"
"1","  903.1446"
"1","  902.6155"
"1","
"
"1"," [449]"
"1","  902.0821"
"1","  901.5409"
"1","  901.0039"
"1","  900.4774"
"1","  899.9474"
"1","  899.4082"
"1","  898.8615"
"1","  898.3436"
"1","  897.8184"
"1","  897.3074"
"1","  896.7911"
"1","  896.2725"
"1","  895.7526"
"1","  895.2176"
"1","  894.6681"
"1","  894.1245"
"1","
"
"1"," [465]"
"1","  893.5908"
"1","  893.0837"
"1","  892.5722"
"1","  892.0476"
"1","  891.5131"
"1","  890.9984"
"1","  890.4567"
"1","  889.9117"
"1","  889.3602"
"1","  888.8056"
"1","  888.2050"
"1","  887.6192"
"1","  887.0838"
"1","  886.5351"
"1","  885.9223"
"1","  885.2507"
"1","
"
"1"," [481]"
"1","  884.5315"
"1","  883.8064"
"1","  883.1419"
"1","  882.5688"
"1","  882.0241"
"1","  881.4918"
"1","  880.9591"
"1","  880.3898"
"1","  879.8221"
"1","  879.2502"
"1","  878.6763"
"1","  878.1054"
"1","  877.5047"
"1","  876.8875"
"1","  876.3087"
"1","  875.7347"
"1","
"
"1"," [497]"
"1","  875.1761"
"1","  874.6200"
"1","  874.0618"
"1","  873.5106"
"1","  872.9602"
"1","  872.4069"
"1","  871.8582"
"1","  871.3111"
"1","  870.7580"
"1","  870.1947"
"1","  869.6331"
"1","  869.0831"
"1","  868.5425"
"1","  867.9866"
"1","  867.4072"
"1","  866.8425"
"1","
"
"1"," [513]"
"1","  866.2893"
"1","  865.7329"
"1","  865.1723"
"1","  864.5860"
"1","  864.0161"
"1","  863.4242"
"1","  862.8479"
"1","  862.2614"
"1","  861.6901"
"1","  861.1099"
"1","  860.5258"
"1","  859.9567"
"1","  859.3405"
"1","  858.7505"
"1","  858.1868"
"1","  857.5812"
"1","
"
"1"," [529]"
"1","  856.9762"
"1","  856.4169"
"1","  855.8648"
"1","  855.2956"
"1","  854.7342"
"1","  854.1693"
"1","  853.5931"
"1","  853.0194"
"1","  852.4387"
"1","  851.8645"
"1","  851.3044"
"1","  850.7424"
"1","  850.1619"
"1","  849.5730"
"1","  848.9816"
"1","  848.3776"
"1","
"
"1"," [545]"
"1","  847.7630"
"1","  847.1044"
"1","  846.4269"
"1","  845.8071"
"1","  845.2301"
"1","  844.6517"
"1","  844.0884"
"1","  843.5182"
"1","  842.9231"
"1","  842.3187"
"1","  841.7302"
"1","  841.1473"
"1","  840.5579"
"1","  839.9615"
"1","  839.3761"
"1","  838.8016"
"1","
"
"1"," [561]"
"1","  838.1994"
"1","  837.6154"
"1","  837.0062"
"1","  836.3988"
"1","  835.8193"
"1","  835.2489"
"1","  834.6797"
"1","  834.1197"
"1","  833.5581"
"1","  832.9993"
"1","  832.4451"
"1","  831.8892"
"1","  831.3389"
"1","  830.7620"
"1","  830.1479"
"1","  829.4983"
"1","
"
"1"," [577]"
"1","  828.9090"
"1","  828.3482"
"1","  827.7830"
"1","  827.2287"
"1","  826.6634"
"1","  826.1103"
"1","  825.5367"
"1","  824.9462"
"1","  824.3851"
"1","  823.8069"
"1","  823.1780"
"1","  822.5159"
"1","  821.9089"
"1","  821.3670"
"1","  820.8549"
"1","  820.3586"
"1","
"
"1"," [593]"
"1","  819.8610"
"1","  819.3674"
"1","  818.8589"
"1","  818.3603"
"1","  817.8512"
"1","  817.3207"
"1","  816.7590"
"1","  816.1839"
"1","  815.6320"
"1","  815.1080"
"1","  814.5602"
"1","  814.0282"
"1","  813.4973"
"1","  812.9889"
"1","  812.4943"
"1","  812.0025"
"1","
"
"1"," [609]"
"1","  811.5022"
"1","  810.9816"
"1","  810.4837"
"1","  809.9842"
"1","  809.4676"
"1","  808.9251"
"1","  808.3572"
"1","  807.7777"
"1","  807.1677"
"1","  806.5861"
"1","  806.0506"
"1","  805.5276"
"1","  805.0299"
"1","  804.5386"
"1","  804.0479"
"1","  803.5661"
"1","
"
"1"," [625]"
"1","  803.0852"
"1","  802.5948"
"1","  802.0958"
"1","  801.6052"
"1","  801.1240"
"1","  800.6550"
"1","  800.1943"
"1","  799.7496"
"1","  799.2859"
"1","  798.8083"
"1","  798.3045"
"1","  797.7933"
"1","  797.3126"
"1","  796.8178"
"1","  796.3166"
"1","  795.8230"
"1","
"
"1"," [641]"
"1","  795.3180"
"1","  794.8113"
"1","  794.3245"
"1","  793.8425"
"1","  793.3669"
"1","  792.8982"
"1","  792.4268"
"1","  791.9594"
"1","  791.5004"
"1","  791.0727"
"1","  790.6713"
"1","  790.2799"
"1","  789.8844"
"1","  789.4663"
"1","  788.9982"
"1","  788.5237"
"1","
"
"1"," [657]"
"1","  788.0605"
"1","  787.5971"
"1","  787.1292"
"1","  786.6283"
"1","  786.1242"
"1","  785.6432"
"1","  785.1821"
"1","  784.7175"
"1","  784.2276"
"1","  783.7164"
"1","  783.2303"
"1","  782.7717"
"1","  782.3388"
"1","  781.9207"
"1","  781.4958"
"1","  781.0404"
"1","
"
"1"," [673]"
"1","  780.5681"
"1","  780.1172"
"1","  779.6608"
"1","  779.2141"
"1","  778.8058"
"1","  778.3916"
"1","  777.9585"
"1","  777.5365"
"1","  777.1338"
"1","  776.7261"
"1","  776.2959"
"1","  775.8588"
"1"," 1341.7143"
"1"," 1341.1052"
"1"," 1340.4967"
"1"," 1339.8979"
"1","
"
"1"," [689]"
"1"," 1339.2872"
"1"," 1338.6949"
"1"," 1338.1088"
"1"," 1337.5293"
"1"," 1336.9196"
"1"," 1336.3167"
"1"," 1335.7393"
"1"," 1335.1390"
"1"," 1334.5639"
"1"," 1333.9703"
"1"," 1333.3796"
"1"," 1332.8342"
"1"," 1332.2694"
"1"," 1331.7077"
"1"," 1331.1384"
"1"," 1330.5753"
"1","
"
"1"," [705]"
"1"," 1329.9917"
"1"," 1329.3715"
"1"," 1328.7391"
"1"," 1328.1290"
"1"," 1327.5032"
"1"," 1326.8534"
"1"," 1326.2094"
"1"," 1325.5979"
"1"," 1324.9721"
"1"," 1324.3691"
"1"," 1323.7463"
"1"," 1323.1140"
"1"," 1322.4858"
"1"," 1321.8719"
"1"," 1321.3024"
"1"," 1320.7216"
"1","
"
"1"," [721]"
"1"," 1320.1463"
"1"," 1319.5416"
"1"," 1318.9394"
"1"," 1318.3290"
"1"," 1317.6931"
"1"," 1317.0617"
"1"," 1316.4166"
"1"," 1315.8101"
"1"," 1315.2354"
"1"," 1314.6331"
"1"," 1314.0449"
"1"," 1313.4369"
"1"," 1312.7587"
"1"," 1312.0174"
"1"," 1311.3013"
"1"," 1310.5547"
"1","
"
"1"," [737]"
"1"," 1309.7822"
"1"," 1308.9980"
"1"," 1308.2560"
"1"," 1307.5218"
"1"," 1306.6871"
"1"," 1305.9164"
"1"," 1305.2506"
"1"," 1304.5938"
"1"," 1303.9941"
"1"," 1303.3922"
"1"," 1302.7152"
"1"," 1302.0429"
"1"," 1301.3780"
"1"," 1300.7542"
"1"," 1300.1338"
"1"," 1299.5455"
"1","
"
"1"," [753]"
"1"," 1298.9455"
"1"," 1298.3179"
"1"," 1297.6565"
"1"," 1296.9923"
"1"," 1296.3418"
"1"," 1295.6984"
"1"," 1295.0947"
"1"," 1294.5063"
"1"," 1293.9358"
"1"," 1293.3606"
"1"," 1292.7703"
"1"," 1292.1544"
"1"," 1291.5297"
"1"," 1290.9009"
"1"," 1290.2629"
"1"," 1289.6478"
"1","
"
"1"," [769]"
"1"," 1289.0397"
"1"," 1288.4512"
"1"," 1287.8709"
"1"," 1287.2701"
"1"," 1286.6549"
"1"," 1286.0196"
"1"," 1285.3741"
"1"," 1284.7295"
"1"," 1284.1068"
"1"," 1283.4970"
"1"," 1282.8841"
"1"," 1282.2672"
"1"," 1281.6583"
"1"," 1281.0949"
"1"," 1280.5006"
"1"," 1279.8709"
"1","
"
"1"," [785]"
"1"," 1279.2155"
"1"," 1278.5647"
"1"," 1277.9378"
"1"," 1277.2997"
"1"," 1276.6432"
"1"," 1275.9613"
"1"," 1275.2810"
"1"," 1274.6401"
"1"," 1273.9942"
"1"," 1273.3381"
"1"," 1272.6881"
"1"," 1272.0426"
"1"," 1271.4004"
"1"," 1270.7429"
"1"," 1270.0871"
"1"," 1269.4044"
"1","
"
"1"," [801]"
"1"," 1268.7092"
"1"," 1268.0620"
"1"," 1267.4040"
"1"," 1266.7281"
"1"," 1266.0958"
"1"," 1265.4594"
"1"," 1264.8131"
"1"," 1264.1504"
"1"," 1263.5130"
"1"," 1262.8666"
"1"," 1262.2249"
"1"," 1261.5583"
"1"," 1260.8526"
"1"," 1260.1399"
"1"," 1259.5039"
"1"," 1258.8560"
"1","
"
"1"," [817]"
"1"," 1258.1875"
"1"," 1257.5333"
"1"," 1256.8764"
"1"," 1256.2006"
"1"," 1255.5213"
"1"," 1254.8188"
"1"," 1254.0927"
"1"," 1253.4117"
"1"," 1252.7482"
"1"," 1252.0822"
"1"," 1251.4051"
"1"," 1250.7418"
"1"," 1250.0588"
"1"," 1249.3314"
"1"," 1248.5330"
"1"," 1247.7154"
"1","
"
"1"," [833]"
"1"," 1246.9325"
"1"," 1246.2409"
"1"," 1245.5343"
"1"," 1244.8043"
"1"," 1244.1148"
"1"," 1243.4116"
"1"," 1242.6308"
"1"," 1241.8101"
"1"," 1241.0551"
"1"," 1240.3811"
"1"," 1239.7248"
"1"," 1239.0845"
"1"," 1238.4228"
"1"," 1237.7216"
"1"," 1237.0169"
"1"," 1236.3252"
"1","
"
"1"," [849]"
"1"," 1235.6709"
"1"," 1235.0153"
"1"," 1234.3455"
"1"," 1233.6767"
"1"," 1233.0158"
"1"," 1232.2901"
"1"," 1231.5047"
"1"," 1230.7965"
"1"," 1230.1081"
"1"," 1229.4104"
"1"," 1228.6943"
"1"," 1227.9854"
"1"," 1227.2655"
"1"," 1226.5564"
"1"," 1225.8479"
"1"," 1225.1452"
"1","
"
"1"," [865]"
"1"," 1224.4589"
"1"," 1223.7456"
"1"," 1223.0179"
"1"," 1222.3172"
"1"," 1221.6258"
"1"," 1220.9410"
"1"," 1220.2145"
"1"," 1219.4951"
"1"," 1218.8198"
"1"," 1218.1311"
"1"," 1217.4263"
"1"," 1216.7163"
"1"," 1216.0074"
"1"," 1215.2751"
"1"," 1214.5452"
"1"," 1213.8619"
"1","
"
"1"," [881]"
"1"," 1213.1670"
"1"," 1212.4645"
"1"," 1211.7747"
"1"," 1211.0638"
"1"," 1210.3558"
"1"," 1209.6633"
"1"," 1208.9844"
"1"," 1208.3029"
"1"," 1207.6165"
"1"," 1206.9440"
"1"," 1206.2924"
"1"," 1205.6116"
"1"," 1204.9387"
"1"," 1204.2775"
"1"," 1203.6198"
"1"," 1202.9625"
"1","
"
"1"," [897]"
"1"," 1202.3048"
"1"," 1201.6525"
"1"," 1200.9885"
"1"," 1200.3194"
"1"," 1199.6343"
"1"," 1198.9674"
"1"," 1198.3148"
"1"," 1197.6403"
"1"," 1196.9478"
"1"," 1196.2536"
"1"," 1195.5600"
"1"," 1194.8850"
"1"," 1194.2092"
"1"," 1193.5199"
"1"," 1192.7575"
"1"," 1191.9295"
"1","
"
"1"," [913]"
"1"," 1191.1046"
"1"," 1190.2955"
"1"," 1189.5253"
"1"," 1188.7510"
"1"," 1188.0009"
"1"," 1187.3053"
"1"," 1186.5930"
"1"," 1185.8710"
"1"," 1185.1462"
"1"," 1184.4272"
"1"," 1183.7501"
"1"," 1183.1076"
"1"," 1182.4620"
"1"," 1181.8096"
"1"," 1181.1584"
"1"," 1180.5077"
"1","
"
"1"," [929]"
"1"," 1179.8600"
"1"," 1179.2042"
"1"," 1178.5423"
"1"," 1177.8949"
"1"," 1177.2288"
"1"," 1176.4709"
"1"," 1175.6302"
"1"," 1174.8058"
"1"," 1174.1024"
"1"," 1173.4500"
"1"," 1172.7930"
"1"," 1172.1272"
"1"," 1171.4512"
"1"," 1170.8144"
"1"," 1170.1636"
"1"," 1169.4865"
"1","
"
"1"," [945]"
"1"," 1168.7856"
"1"," 1168.0926"
"1"," 1167.4001"
"1"," 1166.7075"
"1"," 1165.9934"
"1"," 1165.3173"
"1"," 1164.6468"
"1"," 1163.9657"
"1"," 1163.2748"
"1"," 1162.5944"
"1"," 1161.8856"
"1"," 1161.1837"
"1"," 1160.4887"
"1"," 1159.8006"
"1"," 1159.1192"
"1"," 1158.4447"
"1","
"
"1"," [961]"
"1"," 1157.7768"
"1"," 1157.0689"
"1"," 1156.4050"
"1"," 1155.7554"
"1"," 1155.1098"
"1"," 1154.4919"
"1"," 1153.8578"
"1"," 1153.2080"
"1"," 1152.5465"
"1"," 1151.8782"
"1"," 1151.1960"
"1"," 1150.5002"
"1"," 1149.7752"
"1"," 1149.0003"
"1"," 1148.2322"
"1"," 1147.4915"
"1","
"
"1"," [977]"
"1"," 1146.7911"
"1"," 1146.1288"
"1"," 1145.4532"
"1"," 1144.7698"
"1"," 1144.1228"
"1"," 1143.4968"
"1"," 1142.8759"
"1"," 1142.2394"
"1"," 1141.5885"
"1"," 1140.9426"
"1"," 1140.3193"
"1"," 1139.7072"
"1"," 1139.1034"
"1"," 1138.4909"
"1"," 1137.8636"
"1"," 1137.2358"
"1","
"
"1"," [993]"
"1"," 1136.6391"
"1"," 1136.0295"
"1"," 1135.3933"
"1"," 1134.8003"
"1"," 1134.2378"
"1"," 1133.6895"
"1"," 1133.1745"
"1"," 1132.6393"
"1","
"
"1"," [ reached 'max' / getOption(""max.print"") -- omitted 217 entries ]
"
"1","   [1]"
"1"," 1857.952"
"1"," 1857.189"
"1"," 1856.392"
"1"," 1855.604"
"1"," 1854.769"
"1"," 1853.953"
"1"," 1853.184"
"1"," 1852.414"
"1"," 1851.649"
"1"," 1850.855"
"1"," 1850.103"
"1"," 1849.345"
"1"," 1848.574"
"1"," 1847.763"
"1"," 1847.028"
"1"," 1846.302"
"1"," 1845.557"
"1"," 1844.777"
"1","
"
"1","  [19]"
"1"," 1844.031"
"1"," 1843.316"
"1"," 1842.643"
"1"," 1841.978"
"1"," 1841.282"
"1"," 1840.561"
"1"," 1839.864"
"1"," 1839.130"
"1"," 1838.304"
"1"," 1837.458"
"1"," 1836.593"
"1"," 1835.776"
"1"," 1834.953"
"1"," 1834.175"
"1"," 1833.419"
"1"," 1832.620"
"1"," 1831.814"
"1"," 1831.016"
"1","
"
"1","  [37]"
"1"," 1830.167"
"1"," 1829.331"
"1"," 1828.529"
"1"," 1827.759"
"1"," 1826.927"
"1"," 1826.140"
"1"," 1825.399"
"1"," 1824.646"
"1"," 1823.866"
"1"," 1823.153"
"1"," 1822.449"
"1"," 1821.708"
"1"," 1820.922"
"1"," 1820.023"
"1"," 1819.096"
"1"," 1818.155"
"1"," 1817.279"
"1"," 1816.487"
"1","
"
"1","  [55]"
"1"," 1815.699"
"1"," 1814.925"
"1"," 1814.134"
"1"," 1813.352"
"1"," 1812.572"
"1"," 1811.776"
"1"," 1810.993"
"1"," 1810.128"
"1"," 1809.229"
"1"," 1808.269"
"1"," 1807.283"
"1"," 1806.313"
"1"," 1805.445"
"1"," 1804.619"
"1"," 1803.797"
"1"," 1803.011"
"1"," 1802.210"
"1"," 1801.380"
"1","
"
"1","  [73]"
"1"," 1800.555"
"1"," 1799.721"
"1"," 1798.835"
"1"," 1797.918"
"1"," 1796.995"
"1"," 1796.139"
"1"," 1795.283"
"1"," 1794.405"
"1"," 1793.621"
"1"," 1792.799"
"1"," 1791.946"
"1"," 1791.182"
"1"," 1790.373"
"1"," 1789.498"
"1"," 1788.653"
"1"," 1787.827"
"1"," 1786.971"
"1"," 1785.952"
"1","
"
"1","  [91]"
"1"," 1784.925"
"1"," 1784.056"
"1"," 1783.241"
"1"," 1782.428"
"1"," 1781.555"
"1"," 1780.656"
"1"," 1779.822"
"1"," 1779.017"
"1"," 1778.163"
"1"," 1777.241"
"1"," 1776.368"
"1"," 1775.453"
"1"," 1774.596"
"1"," 1773.759"
"1"," 1772.886"
"1"," 1771.978"
"1"," 1771.130"
"1"," 1770.282"
"1","
"
"1"," [109]"
"1"," 1769.416"
"1"," 1768.523"
"1"," 1767.547"
"1"," 1766.550"
"1"," 1765.703"
"1"," 1764.851"
"1"," 1763.984"
"1"," 1763.126"
"1"," 1762.251"
"1"," 1761.331"
"1"," 1760.449"
"1"," 1759.577"
"1"," 1758.743"
"1"," 1757.911"
"1"," 1757.066"
"1"," 1756.215"
"1"," 1755.309"
"1"," 1754.345"
"1","
"
"1"," [127]"
"1"," 1753.437"
"1"," 1752.576"
"1"," 1751.731"
"1"," 1750.877"
"1"," 1750.011"
"1"," 1749.174"
"1"," 1748.307"
"1"," 1747.443"
"1"," 1746.544"
"1"," 1745.574"
"1"," 1744.540"
"1"," 1743.566"
"1"," 1742.612"
"1"," 1741.728"
"1"," 1740.798"
"1"," 1739.877"
"1"," 1738.971"
"1"," 1738.028"
"1","
"
"1"," [145]"
"1"," 1737.181"
"1"," 1736.357"
"1"," 1735.526"
"1"," 1734.675"
"1"," 1733.734"
"1"," 1732.859"
"1"," 1731.980"
"1"," 1731.148"
"1"," 1730.318"
"1"," 1729.446"
"1"," 1728.607"
"1"," 1727.756"
"1"," 1726.890"
"1"," 1726.005"
"1"," 1725.129"
"1"," 1724.284"
"1"," 1723.461"
"1"," 1722.637"
"1","
"
"1"," [163]"
"1"," 1721.810"
"1"," 1720.930"
"1"," 1720.087"
"1"," 1719.232"
"1"," 1718.389"
"1"," 1717.565"
"1"," 1716.701"
"1"," 1715.790"
"1"," 1714.900"
"1"," 1714.034"
"1"," 1713.093"
"1"," 1712.171"
"1"," 1711.212"
"1"," 1710.367"
"1"," 1709.521"
"1"," 1708.674"
"1"," 1707.838"
"1"," 1707.004"
"1","
"
"1"," [181]"
"1"," 1706.180"
"1"," 1705.392"
"1"," 1704.553"
"1"," 1703.617"
"1"," 1702.660"
"1"," 1701.702"
"1"," 1700.780"
"1"," 1699.887"
"1"," 1699.023"
"1"," 1698.141"
"1"," 1697.276"
"1"," 1696.387"
"1"," 1695.514"
"1"," 1694.661"
"1"," 1693.814"
"1"," 1692.953"
"1"," 1692.085"
"1"," 1691.208"
"1","
"
"1"," [199]"
"1"," 1690.390"
"1"," 1689.607"
"1"," 1688.793"
"1"," 1687.979"
"1"," 1687.175"
"1"," 1686.333"
"1"," 1685.442"
"1"," 1684.573"
"1"," 1683.658"
"1"," 1682.720"
"1"," 1681.773"
"1"," 1680.840"
"1"," 1679.958"
"1"," 1679.047"
"1"," 1678.220"
"1"," 1677.422"
"1"," 1676.578"
"1"," 1675.675"
"1","
"
"1"," [217]"
"1"," 1674.817"
"1"," 1674.018"
"1"," 1673.227"
"1"," 1672.448"
"1"," 1671.666"
"1"," 1670.846"
"1"," 1670.017"
"1"," 1669.220"
"1"," 1668.463"
"1"," 1667.678"
"1"," 1666.867"
"1"," 1666.090"
"1"," 1665.294"
"1"," 1664.545"
"1"," 1663.807"
"1"," 1663.047"
"1"," 1662.247"
"1"," 1661.460"
"1","
"
"1"," [235]"
"1"," 1660.720"
"1"," 1660.004"
"1"," 1659.294"
"1"," 1658.578"
"1"," 1657.862"
"1"," 1657.121"
"1"," 1656.354"
"1"," 1655.582"
"1"," 1654.796"
"1"," 1654.028"
"1"," 1653.261"
"1"," 1652.529"
"1"," 1651.799"
"1"," 1651.072"
"1"," 1650.342"
"1"," 1649.638"
"1"," 1648.953"
"1"," 1648.299"
"1","
"
"1"," [253]"
"1"," 1647.626"
"1"," 1646.968"
"1"," 1646.294"
"1"," 1645.623"
"1"," 1644.892"
"1"," 1644.211"
"1"," 1643.555"
"1"," 1642.889"
"1"," 1642.212"
"1"," 1641.537"
"1"," 1640.851"
"1"," 1640.140"
"1"," 1639.456"
"1"," 1638.745"
"1"," 1638.049"
"1"," 1637.311"
"1"," 1636.573"
"1"," 1635.853"
"1","
"
"1"," [271]"
"1"," 1635.108"
"1"," 1634.395"
"1"," 1633.697"
"1"," 1632.993"
"1"," 1632.305"
"1"," 1631.609"
"1"," 1630.966"
"1"," 1630.349"
"1"," 1629.721"
"1"," 1629.085"
"1"," 1628.435"
"1"," 1627.773"
"1"," 1627.112"
"1"," 1626.450"
"1"," 1625.763"
"1"," 1625.022"
"1"," 1624.310"
"1"," 1623.666"
"1","
"
"1"," [289]"
"1"," 1623.010"
"1"," 1622.366"
"1"," 1621.755"
"1"," 1621.190"
"1"," 1620.596"
"1"," 1620.010"
"1"," 1619.429"
"1"," 3573.490"
"1"," 3572.779"
"1"," 3572.054"
"1"," 3571.317"
"1"," 3570.548"
"1"," 3569.769"
"1"," 3568.950"
"1"," 3568.115"
"1"," 3567.250"
"1"," 3566.365"
"1"," 3565.471"
"1","
"
"1"," [307]"
"1"," 3564.587"
"1"," 3563.693"
"1"," 3562.810"
"1"," 3561.983"
"1"," 3561.170"
"1"," 3560.326"
"1"," 3559.461"
"1"," 3558.574"
"1"," 3557.671"
"1"," 3556.803"
"1"," 3555.970"
"1"," 3555.156"
"1"," 3554.358"
"1"," 3553.539"
"1"," 3552.723"
"1"," 3551.880"
"1"," 3550.962"
"1"," 3550.040"
"1","
"
"1"," [325]"
"1"," 3549.121"
"1"," 3548.176"
"1"," 3547.149"
"1"," 3546.287"
"1"," 3545.371"
"1"," 3544.442"
"1"," 3543.504"
"1"," 3542.571"
"1"," 3541.570"
"1"," 3540.545"
"1"," 3539.557"
"1"," 3538.566"
"1"," 3537.655"
"1"," 3536.753"
"1"," 3535.812"
"1"," 3534.863"
"1"," 3533.881"
"1"," 3532.920"
"1","
"
"1"," [343]"
"1"," 3531.938"
"1"," 3531.012"
"1"," 3530.065"
"1"," 3529.150"
"1"," 3528.191"
"1"," 3527.277"
"1"," 3526.331"
"1"," 3525.391"
"1"," 3524.470"
"1"," 3523.565"
"1"," 3522.596"
"1"," 3521.655"
"1"," 3520.772"
"1"," 3519.878"
"1"," 3518.962"
"1"," 3518.073"
"1"," 3517.157"
"1"," 3516.261"
"1","
"
"1"," [361]"
"1"," 3515.315"
"1"," 3514.341"
"1"," 3513.363"
"1"," 3512.373"
"1"," 3511.406"
"1"," 3510.426"
"1"," 3509.421"
"1"," 3508.366"
"1"," 3507.274"
"1"," 3506.227"
"1"," 3505.215"
"1"," 3504.211"
"1"," 3503.196"
"1"," 3502.144"
"1"," 3501.149"
"1"," 3500.120"
"1"," 3499.114"
"1"," 3498.142"
"1","
"
"1"," [379]"
"1"," 3497.152"
"1"," 3496.117"
"1"," 3495.037"
"1"," 3493.991"
"1"," 3492.933"
"1"," 3491.857"
"1"," 3490.808"
"1"," 3489.784"
"1"," 3488.843"
"1"," 3487.852"
"1"," 3486.875"
"1"," 3485.943"
"1"," 3485.061"
"1"," 3484.174"
"1"," 3483.288"
"1"," 3482.413"
"1"," 3481.490"
"1"," 3480.525"
"1","
"
"1"," [397]"
"1"," 3479.521"
"1"," 3478.479"
"1"," 3477.513"
"1"," 3476.580"
"1"," 3475.559"
"1"," 3474.419"
"1"," 3473.341"
"1"," 3472.315"
"1"," 3471.317"
"1"," 3470.342"
"1"," 3469.409"
"1"," 3468.420"
"1"," 3467.435"
"1"," 3466.464"
"1"," 3465.488"
"1"," 3464.472"
"1"," 3463.331"
"1"," 3462.301"
"1","
"
"1"," [415]"
"1"," 3461.245"
"1"," 3460.069"
"1"," 3458.937"
"1"," 3457.923"
"1"," 3456.974"
"1"," 3456.028"
"1"," 3455.043"
"1"," 3454.035"
"1"," 3453.045"
"1"," 3452.078"
"1"," 3451.100"
"1"," 3450.123"
"1"," 3449.146"
"1"," 3448.192"
"1"," 3447.238"
"1"," 3446.269"
"1"," 3445.307"
"1"," 3444.324"
"1","
"
"1"," [433]"
"1"," 3443.367"
"1"," 3442.402"
"1"," 3441.426"
"1"," 3440.452"
"1"," 3439.457"
"1"," 3438.460"
"1"," 3437.452"
"1"," 3436.447"
"1"," 3435.472"
"1"," 3434.489"
"1"," 3433.501"
"1"," 3432.487"
"1"," 3431.466"
"1"," 3430.443"
"1"," 3429.462"
"1"," 3428.415"
"1"," 3427.343"
"1"," 3426.294"
"1","
"
"1"," [451]"
"1"," 3425.215"
"1"," 3424.127"
"1"," 3423.061"
"1"," 3421.905"
"1"," 3420.572"
"1"," 3419.411"
"1"," 3418.314"
"1"," 3417.136"
"1"," 3415.922"
"1"," 3414.835"
"1"," 3413.807"
"1"," 3412.775"
"1"," 3411.676"
"1"," 3410.556"
"1"," 3409.470"
"1"," 3408.349"
"1"," 3407.208"
"1"," 3406.176"
"1","
"
"1"," [469]"
"1"," 3405.119"
"1"," 3403.982"
"1"," 3402.837"
"1"," 3401.602"
"1"," 3400.379"
"1"," 3399.291"
"1"," 3398.161"
"1"," 3397.014"
"1"," 3395.692"
"1"," 3394.418"
"1"," 3393.252"
"1"," 3392.090"
"1"," 3390.949"
"1"," 3389.853"
"1"," 3388.741"
"1"," 3387.626"
"1"," 3386.573"
"1"," 3385.549"
"1","
"
"1"," [487]"
"1"," 3384.476"
"1"," 3383.371"
"1"," 3382.250"
"1"," 3381.099"
"1"," 3379.982"
"1"," 3378.837"
"1"," 3377.705"
"1"," 3376.565"
"1"," 3375.438"
"1"," 3374.177"
"1"," 3372.907"
"1"," 3371.795"
"1"," 3370.715"
"1"," 3369.634"
"1"," 3368.524"
"1"," 3367.437"
"1"," 3366.318"
"1"," 3365.077"
"1","
"
"1"," [505]"
"1"," 3363.766"
"1"," 3362.475"
"1"," 3361.304"
"1"," 3360.192"
"1"," 3359.061"
"1"," 3357.939"
"1"," 3356.826"
"1"," 3355.744"
"1"," 3354.584"
"1"," 3353.418"
"1"," 3352.303"
"1"," 3351.208"
"1"," 3350.050"
"1"," 3348.925"
"1"," 3347.810"
"1"," 3346.676"
"1"," 3345.541"
"1"," 3344.386"
"1","
"
"1"," [523]"
"1"," 3343.116"
"1"," 3341.768"
"1"," 3340.493"
"1"," 3339.383"
"1"," 3338.297"
"1"," 3337.234"
"1"," 3336.160"
"1"," 3335.070"
"1"," 3333.969"
"1"," 3332.854"
"1"," 3331.730"
"1"," 3330.547"
"1"," 3329.269"
"1"," 3327.989"
"1"," 3326.838"
"1"," 3325.695"
"1"," 3324.511"
"1"," 3323.390"
"1","
"
"1"," [541]"
"1"," 3322.297"
"1"," 3321.212"
"1"," 3320.150"
"1"," 3319.042"
"1"," 3317.879"
"1"," 3316.673"
"1"," 3315.407"
"1"," 3314.080"
"1"," 3312.737"
"1"," 3311.447"
"1"," 3310.326"
"1"," 3309.138"
"1"," 3308.097"
"1"," 3307.061"
"1"," 3306.039"
"1"," 3304.973"
"1"," 3303.848"
"1"," 3302.640"
"1","
"
"1"," [559]"
"1"," 3301.379"
"1"," 3300.106"
"1"," 3299.056"
"1"," 3297.944"
"1"," 3296.704"
"1"," 3295.502"
"1"," 3294.323"
"1"," 3293.178"
"1"," 3292.102"
"1"," 3291.089"
"1"," 3290.098"
"1"," 3289.018"
"1"," 3287.896"
"1"," 3286.840"
"1"," 3285.775"
"1"," 3284.700"
"1"," 3283.621"
"1"," 3282.515"
"1","
"
"1"," [577]"
"1"," 3281.341"
"1"," 3280.193"
"1"," 3279.089"
"1"," 3277.950"
"1"," 3276.762"
"1"," 3275.540"
"1"," 3274.314"
"1"," 3273.185"
"1"," 3272.087"
"1"," 3271.049"
"1"," 3270.016"
"1"," 3268.979"
"1"," 3267.862"
"1"," 3266.743"
"1"," 3265.651"
"1"," 3264.564"
"1"," 3263.513"
"1"," 3262.463"
"1","
"
"1"," [595]"
"1"," 3261.408"
"1"," 3260.376"
"1"," 3259.341"
"1"," 3258.270"
"1"," 3257.174"
"1"," 3256.096"
"1"," 3255.048"
"1"," 3254.136"
"1"," 3253.210"
"1"," 3252.287"
"1"," 3251.423"
"1"," 3250.528"
"1"," 3249.634"
"1"," 3248.730"
"1"," 3247.882"
"1"," 3247.019"
"1"," 3246.191"
"1"," 3245.351"
"1","
"
"1"," [613]"
"1"," 3244.492"
"1"," 3243.627"
"1"," 3242.731"
"1"," 3241.872"
"1"," 3241.003"
"1"," 3240.116"
"1"," 3239.225"
"1"," 3238.290"
"1"," 3237.377"
"1"," 3236.483"
"1"," 3235.614"
"1"," 3234.746"
"1"," 3233.969"
"1"," 3233.184"
"1"," 3232.343"
"1"," 3231.565"
"1"," 3230.831"
"1"," 3230.077"
"1","
"
"1"," [631]"
"1"," 3229.297"
"1"," 3228.460"
"1"," 3227.647"
"1"," 3226.816"
"1"," 3226.019"
"1"," 3225.141"
"1"," 3224.230"
"1"," 3223.360"
"1"," 3222.449"
"1"," 3221.519"
"1"," 3220.682"
"1"," 3219.836"
"1"," 3218.984"
"1"," 3218.183"
"1"," 3217.362"
"1"," 3216.616"
"1"," 3215.828"
"1"," 3215.004"
"1","
"
"1"," [649]"
"1"," 3214.173"
"1"," 3213.395"
"1"," 3212.517"
"1"," 3211.580"
"1"," 3210.747"
"1"," 3209.949"
"1"," 3209.203"
"1"," 3208.421"
"1"," 3207.730"
"1"," 3206.987"
"1"," 3206.232"
"1"," 3205.514"
"1"," 5216.041"
"1"," 5215.220"
"1"," 5214.350"
"1"," 5213.427"
"1"," 5212.506"
"1"," 5211.558"
"1","
"
"1"," [667]"
"1"," 5210.628"
"1"," 5209.728"
"1"," 5208.862"
"1"," 5207.935"
"1"," 5206.979"
"1"," 5206.012"
"1"," 5205.067"
"1"," 5204.052"
"1"," 5203.129"
"1"," 5202.185"
"1"," 5201.206"
"1"," 5200.190"
"1"," 5199.145"
"1"," 5198.101"
"1"," 5197.111"
"1"," 5196.108"
"1"," 5195.085"
"1"," 5194.070"
"1","
"
"1"," [685]"
"1"," 5193.096"
"1"," 5192.099"
"1"," 5191.151"
"1"," 5190.161"
"1"," 5189.187"
"1"," 5188.145"
"1"," 5187.143"
"1"," 5186.190"
"1"," 5185.252"
"1"," 5184.372"
"1"," 5183.482"
"1"," 5182.533"
"1"," 5181.610"
"1"," 5180.635"
"1"," 5179.619"
"1"," 5178.543"
"1"," 5177.469"
"1"," 5176.432"
"1","
"
"1"," [703]"
"1"," 5175.380"
"1"," 5174.305"
"1"," 5173.205"
"1"," 5172.031"
"1"," 5170.866"
"1"," 5169.761"
"1"," 5168.668"
"1"," 5167.657"
"1"," 5166.681"
"1"," 5165.731"
"1"," 5164.753"
"1"," 5163.718"
"1"," 5162.702"
"1"," 5161.671"
"1"," 5160.605"
"1"," 5159.532"
"1"," 5158.461"
"1"," 5157.423"
"1","
"
"1"," [721]"
"1"," 5156.360"
"1"," 5155.274"
"1"," 5154.179"
"1"," 5153.079"
"1"," 5151.975"
"1"," 5150.868"
"1"," 5149.845"
"1"," 5148.877"
"1"," 5147.921"
"1"," 5146.919"
"1"," 5145.857"
"1"," 5144.846"
"1"," 5143.843"
"1"," 5142.823"
"1"," 5141.807"
"1"," 5140.795"
"1"," 5139.712"
"1"," 5138.589"
"1","
"
"1"," [739]"
"1"," 5137.521"
"1"," 5136.438"
"1"," 5135.364"
"1"," 5134.330"
"1"," 5133.328"
"1"," 5132.290"
"1"," 5131.200"
"1"," 5130.096"
"1"," 5128.967"
"1"," 5127.886"
"1"," 5126.903"
"1"," 5125.886"
"1"," 5124.855"
"1"," 5123.802"
"1"," 5122.745"
"1"," 5121.658"
"1"," 5120.602"
"1"," 5119.461"
"1","
"
"1"," [757]"
"1"," 5118.269"
"1"," 5117.033"
"1"," 5115.875"
"1"," 5114.751"
"1"," 5113.679"
"1"," 5112.622"
"1"," 5111.525"
"1"," 5110.449"
"1"," 5109.379"
"1"," 5108.337"
"1"," 5107.254"
"1"," 5106.051"
"1"," 5104.843"
"1"," 5103.600"
"1"," 5102.378"
"1"," 5101.219"
"1"," 5100.074"
"1"," 5099.002"
"1","
"
"1"," [775]"
"1"," 5097.944"
"1"," 5096.856"
"1"," 5095.810"
"1"," 5094.755"
"1"," 5093.701"
"1"," 5092.571"
"1"," 5091.437"
"1"," 5090.155"
"1"," 5088.896"
"1"," 5087.755"
"1"," 5086.592"
"1"," 5085.464"
"1"," 5084.376"
"1"," 5083.314"
"1"," 5082.251"
"1"," 5081.137"
"1"," 5080.043"
"1"," 5078.890"
"1","
"
"1"," [793]"
"1"," 5077.753"
"1"," 5076.632"
"1"," 5075.535"
"1"," 5074.411"
"1"," 5073.243"
"1"," 5072.015"
"1"," 5070.659"
"1"," 5069.326"
"1"," 5068.177"
"1"," 5067.122"
"1"," 5066.076"
"1"," 5065.013"
"1"," 5063.908"
"1"," 5062.807"
"1"," 5061.684"
"1"," 5060.520"
"1"," 5059.273"
"1"," 5057.958"
"1","
"
"1"," [811]"
"1"," 5056.747"
"1"," 5055.484"
"1"," 5054.133"
"1"," 5052.894"
"1"," 5051.596"
"1"," 5050.177"
"1"," 5048.835"
"1"," 5047.585"
"1"," 5046.402"
"1"," 5045.233"
"1"," 5044.068"
"1"," 5042.905"
"1"," 5041.727"
"1"," 5040.447"
"1"," 5039.254"
"1"," 5038.106"
"1"," 5036.978"
"1"," 5035.898"
"1","
"
"1"," [829]"
"1"," 5034.750"
"1"," 5033.572"
"1"," 5032.333"
"1"," 5031.039"
"1"," 5029.704"
"1"," 5028.337"
"1"," 5027.110"
"1"," 5025.870"
"1"," 5024.579"
"1"," 5023.196"
"1"," 5021.806"
"1"," 5020.376"
"1"," 5018.997"
"1"," 5017.783"
"1"," 5016.497"
"1"," 5015.281"
"1"," 5014.108"
"1"," 5012.928"
"1","
"
"1"," [847]"
"1"," 5011.772"
"1"," 5010.642"
"1"," 5009.484"
"1"," 5008.331"
"1"," 5007.118"
"1"," 5005.898"
"1"," 5004.665"
"1"," 5003.370"
"1"," 5002.123"
"1"," 5000.749"
"1"," 4999.377"
"1"," 4998.156"
"1"," 4996.985"
"1"," 4995.835"
"1"," 4994.672"
"1"," 4993.484"
"1"," 4992.246"
"1"," 4991.044"
"1","
"
"1"," [865]"
"1"," 4989.731"
"1"," 4988.328"
"1"," 4986.980"
"1"," 4985.717"
"1"," 4984.269"
"1"," 4982.865"
"1"," 4981.542"
"1"," 4980.209"
"1"," 4978.966"
"1"," 4977.768"
"1"," 4976.573"
"1"," 4975.353"
"1"," 4974.129"
"1"," 4973.018"
"1"," 4971.863"
"1"," 4970.715"
"1"," 4969.507"
"1"," 4968.269"
"1","
"
"1"," [883]"
"1"," 4967.022"
"1"," 4965.815"
"1"," 4964.615"
"1"," 4963.349"
"1"," 4962.021"
"1"," 4960.742"
"1"," 4959.570"
"1"," 4958.371"
"1"," 4957.134"
"1"," 4955.894"
"1"," 4954.684"
"1"," 4953.492"
"1"," 4952.319"
"1"," 4951.156"
"1"," 4949.983"
"1"," 4948.817"
"1"," 4947.671"
"1"," 4946.507"
"1","
"
"1"," [901]"
"1"," 4945.335"
"1"," 4944.142"
"1"," 4942.968"
"1"," 4941.695"
"1"," 4940.458"
"1"," 4939.262"
"1"," 4938.013"
"1"," 4936.832"
"1"," 4935.664"
"1"," 4934.446"
"1"," 4933.145"
"1"," 4931.775"
"1"," 4930.576"
"1"," 4929.389"
"1"," 4928.228"
"1"," 4927.121"
"1"," 4926.038"
"1"," 4924.921"
"1","
"
"1"," [919]"
"1"," 4923.734"
"1"," 4922.539"
"1"," 4921.324"
"1"," 4920.043"
"1"," 4918.642"
"1"," 4917.236"
"1"," 4915.994"
"1"," 4914.831"
"1"," 4913.707"
"1"," 4912.519"
"1"," 4911.222"
"1"," 4909.871"
"1"," 4908.473"
"1"," 4907.107"
"1"," 4905.891"
"1"," 4904.781"
"1"," 4903.697"
"1"," 4902.576"
"1","
"
"1"," [937]"
"1"," 4901.495"
"1"," 4900.450"
"1"," 4899.346"
"1"," 4898.231"
"1"," 4897.086"
"1"," 4895.883"
"1"," 4894.640"
"1"," 4893.413"
"1"," 4892.252"
"1"," 4891.157"
"1"," 4890.079"
"1"," 4888.955"
"1"," 4887.822"
"1"," 4886.699"
"1"," 4885.601"
"1"," 4884.491"
"1"," 4883.389"
"1"," 4882.259"
"1","
"
"1"," [955]"
"1"," 4881.100"
"1"," 4879.929"
"1"," 4878.792"
"1"," 4877.695"
"1"," 4876.562"
"1"," 4875.419"
"1"," 4874.280"
"1"," 4873.163"
"1"," 4872.044"
"1"," 4870.905"
"1"," 4869.827"
"1"," 4868.763"
"1"," 4867.697"
"1"," 4866.672"
"1"," 4865.631"
"1"," 4864.567"
"1"," 4863.493"
"1"," 4862.354"
"1","
"
"1"," [973]"
"1"," 4861.250"
"1"," 4860.118"
"1"," 4858.977"
"1"," 4857.861"
"1"," 4856.748"
"1"," 4855.590"
"1"," 4854.480"
"1"," 4853.397"
"1"," 4852.328"
"1"," 4851.344"
"1"," 4850.408"
"1"," 4849.479"
"1"," 4848.464"
"1"," 4847.471"
"1"," 4846.491"
"1"," 4845.529"
"1"," 4844.570"
"1"," 4843.687"
"1","
"
"1"," [991]"
"1"," 4842.806"
"1"," 4841.864"
"1"," 4840.890"
"1"," 4839.939"
"1"," 4839.007"
"1"," 4838.106"
"1"," 4837.147"
"1"," 4836.136"
"1"," 4835.219"
"1"," 4834.317"
"1","
"
"1"," [ reached 'max' / getOption(""max.print"") -- omitted 654 entries ]
"
"1","   [1]"
"1","  889.0917"
"1","  888.7954"
"1","  888.4456"
"1","  888.0764"
"1","  887.6931"
"1","  887.1936"
"1","  886.8150"
"1","  886.5196"
"1","  886.2362"
"1","  885.9756"
"1","  885.6451"
"1","  885.3670"
"1","  885.0441"
"1","  884.6747"
"1","  884.3342"
"1","  884.0057"
"1","
"
"1","  [17]"
"1","  883.6650"
"1","  883.3060"
"1","  882.9917"
"1","  882.5981"
"1","  882.2263"
"1","  881.8666"
"1","  881.5277"
"1","  881.1772"
"1","  880.8251"
"1","  880.4603"
"1","  880.0604"
"1","  879.7055"
"1","  879.3728"
"1","  879.0594"
"1","  878.7345"
"1","  878.3738"
"1","
"
"1","  [33]"
"1","  878.0809"
"1","  877.7433"
"1","  877.3520"
"1","  877.0477"
"1","  876.6749"
"1","  876.3399"
"1","  876.0360"
"1","  875.6847"
"1","  875.2880"
"1","  874.9356"
"1","  874.5886"
"1","  874.2480"
"1","  873.9045"
"1","  873.6318"
"1","  873.3106"
"1","  873.0635"
"1","
"
"1","  [49]"
"1","  872.8206"
"1","  872.5505"
"1","  872.2700"
"1","  872.0119"
"1","  871.7831"
"1","  871.4965"
"1","  871.1343"
"1","  870.8127"
"1","  870.5410"
"1","  870.2178"
"1","  869.8981"
"1","  869.5981"
"1","  869.3127"
"1","  869.0006"
"1","  868.6419"
"1","  868.3093"
"1","
"
"1","  [65]"
"1","  867.9035"
"1","  867.5753"
"1","  867.3166"
"1","  866.9931"
"1","  866.5890"
"1","  866.1783"
"1","  865.7741"
"1","  865.3094"
"1","  864.8950"
"1","  864.5165"
"1","  864.0563"
"1","  863.6337"
"1","  863.2309"
"1","  862.7522"
"1","  862.3819"
"1","  862.0246"
"1","
"
"1","  [81]"
"1","  861.6642"
"1","  861.2561"
"1","  860.8532"
"1","  860.4946"
"1","  860.1459"
"1","  859.7729"
"1","  859.2665"
"1","  858.8656"
"1","  858.5109"
"1","  858.1623"
"1","  857.7360"
"1","  857.2904"
"1","  856.8842"
"1","  856.4048"
"1","  855.8554"
"1","  855.3743"
"1","
"
"1","  [97]"
"1","  854.9146"
"1","  854.3822"
"1","  853.8607"
"1","  853.4548"
"1","  853.0553"
"1","  852.5786"
"1","  852.0971"
"1","  851.6494"
"1","  851.1226"
"1","  850.6201"
"1","  850.1315"
"1","  849.6332"
"1","  849.0832"
"1","  848.5222"
"1","  848.0323"
"1","  847.4558"
"1","
"
"1"," [113]"
"1","  846.9367"
"1","  846.4303"
"1","  845.9967"
"1","  845.5774"
"1","  845.1582"
"1","  844.7100"
"1","  844.2466"
"1","  843.7416"
"1","  843.2156"
"1","  842.7099"
"1","  842.2482"
"1","  841.7710"
"1","  841.2373"
"1","  840.6310"
"1","  840.0074"
"1","  839.4454"
"1","
"
"1"," [129]"
"1","  838.9093"
"1","  838.3668"
"1","  837.7983"
"1","  837.1981"
"1","  836.6021"
"1","  835.9410"
"1","  835.3935"
"1","  834.8842"
"1","  834.3572"
"1","  833.7384"
"1","  833.1125"
"1","  832.5019"
"1","  831.8916"
"1","  831.3494"
"1","  830.8804"
"1","  830.3483"
"1","
"
"1"," [145]"
"1","  829.8440"
"1","  829.2748"
"1","  828.6548"
"1","  828.0128"
"1","  827.3508"
"1","  826.6946"
"1","  826.0865"
"1","  825.4402"
"1","  824.7712"
"1","  824.1309"
"1","  823.6216"
"1","  823.1209"
"1","  822.6109"
"1","  822.0833"
"1","  821.5149"
"1","  820.9685"
"1","
"
"1"," [161]"
"1","  820.3514"
"1","  819.7171"
"1","  819.1107"
"1","  818.4399"
"1","  817.7352"
"1","  817.0577"
"1","  816.4157"
"1","  815.7478"
"1","  815.0474"
"1","  814.4351"
"1","  813.8436"
"1","  813.2019"
"1","  812.5567"
"1","  811.8833"
"1","  811.2043"
"1","  810.5211"
"1","
"
"1"," [177]"
"1","  809.9066"
"1","  809.2975"
"1","  808.7103"
"1","  808.1216"
"1","  807.5099"
"1","  806.9207"
"1","  806.2793"
"1","  805.6415"
"1","  805.0708"
"1","  804.4768"
"1","  803.8604"
"1","  803.2538"
"1","  802.6163"
"1","  801.9464"
"1","  801.2683"
"1","  800.6096"
"1","
"
"1"," [193]"
"1","  799.9762"
"1","  799.3495"
"1","  798.7285"
"1","  798.1125"
"1","  797.4648"
"1","  796.8460"
"1","  796.2629"
"1","  795.6615"
"1","  795.0065"
"1","  794.3194"
"1","  793.6231"
"1","  792.9521"
"1","  792.3307"
"1","  791.7353"
"1","  791.1410"
"1","  790.5278"
"1","
"
"1"," [209]"
"1","  789.8807"
"1","  789.2625"
"1","  788.6130"
"1","  787.9696"
"1","  787.3128"
"1","  786.6694"
"1","  786.0211"
"1","  785.3907"
"1","  784.7371"
"1","  784.0638"
"1","  783.4309"
"1","  782.8201"
"1","  782.2174"
"1","  781.6168"
"1","  781.0272"
"1","  780.4453"
"1","
"
"1"," [225]"
"1","  779.8504"
"1","  779.2487"
"1","  778.6669"
"1","  778.0757"
"1","  777.4662"
"1","  776.8437"
"1","  776.2151"
"1","  775.5913"
"1","  774.9705"
"1","  774.3425"
"1","  773.7199"
"1","  773.1332"
"1","  772.5583"
"1","  771.9523"
"1","  771.3428"
"1","  770.7757"
"1","
"
"1"," [241]"
"1","  770.2224"
"1","  769.6621"
"1","  769.0828"
"1","  768.4685"
"1","  767.8343"
"1","  767.2053"
"1","  766.5886"
"1","  765.9483"
"1","  765.3211"
"1","  764.7240"
"1","  764.1503"
"1","  763.5554"
"1","  762.9245"
"1","  762.2869"
"1","  761.6896"
"1","  761.1197"
"1","
"
"1"," [257]"
"1","  760.5591"
"1","  760.0377"
"1","  759.5298"
"1","  759.0023"
"1","  758.4491"
"1","  757.8932"
"1","  757.3407"
"1","  756.7721"
"1","  756.2150"
"1","  755.6837"
"1","  755.1422"
"1","  754.6098"
"1","  754.0734"
"1","  753.5299"
"1","  753.0029"
"1","  752.4672"
"1","
"
"1"," [273]"
"1","  751.9037"
"1","  751.3242"
"1","  750.7451"
"1","  750.2726"
"1","  749.8323"
"1","  749.3606"
"1","  748.8866"
"1","  748.4206"
"1","  747.9399"
"1","  747.4473"
"1","  746.9533"
"1","  746.4079"
"1","  745.9556"
"1","  745.5150"
"1","  745.0439"
"1","  744.5237"
"1","
"
"1"," [289]"
"1","  744.0504"
"1","  743.6078"
"1","  743.1628"
"1","  742.7658"
"1","  742.4040"
"1","  742.0388"
"1","  741.5955"
"1","  741.1367"
"1","  740.6404"
"1","  740.1744"
"1","  739.7309"
"1","  739.2610"
"1","  738.8608"
"1","  738.4366"
"1","  737.9253"
"1","  737.4154"
"1","
"
"1"," [305]"
"1","  736.9935"
"1","  736.5962"
"1","  736.1284"
"1","  735.6889"
"1","  735.2614"
"1","  734.8121"
"1","  734.3244"
"1","  733.7854"
"1","  733.3180"
"1","  732.9237"
"1","  732.5215"
"1","  732.0515"
"1","  731.6097"
"1","  731.1724"
"1","  730.7365"
"1","  730.3670"
"1","
"
"1"," [321]"
"1","  729.9789"
"1","  729.5566"
"1","  729.1380"
"1","  728.6883"
"1","  728.1957"
"1","  727.8007"
"1","  727.4121"
"1","  727.0280"
"1","  726.7109"
"1","  726.3851"
"1","  726.0185"
"1","  725.6175"
"1","  725.2127"
"1","  724.7557"
"1","  724.3768"
"1","  724.0004"
"1","
"
"1"," [337]"
"1","  723.5737"
"1","  723.1268"
"1","  722.7482"
"1","  722.4209"
"1","  722.0794"
"1","  721.7243"
"1","  721.3554"
"1","  720.9991"
"1","  720.6302"
"1","  720.2284"
"1","  719.8110"
"1","  719.3834"
"1","  718.9315"
"1","  718.4300"
"1","  717.9803"
"1","  717.5948"
"1","
"
"1"," [353]"
"1","  717.1784"
"1","  716.8112"
"1","  716.4919"
"1","  716.1849"
"1","  715.7909"
"1","  715.3354"
"1","  714.8752"
"1","  714.3551"
"1","  713.8496"
"1","  713.4218"
"1","  712.9546"
"1","  712.5848"
"1","  712.1642"
"1"," 1592.6932"
"1"," 1592.0639"
"1"," 1591.5301"
"1","
"
"1"," [369]"
"1"," 1591.0296"
"1"," 1590.5020"
"1"," 1590.0466"
"1"," 1589.6529"
"1"," 1589.2213"
"1"," 1588.6898"
"1"," 1588.1255"
"1"," 1587.5091"
"1"," 1586.8225"
"1"," 1586.3530"
"1"," 1585.8569"
"1"," 1585.4314"
"1"," 1584.9133"
"1"," 1584.3255"
"1"," 1583.7305"
"1"," 1583.2443"
"1","
"
"1"," [385]"
"1"," 1582.8350"
"1"," 1582.4391"
"1"," 1582.0083"
"1"," 1581.5601"
"1"," 1581.1454"
"1"," 1580.6825"
"1"," 1580.2459"
"1"," 1579.7851"
"1"," 1579.2110"
"1"," 1578.6882"
"1"," 1578.2152"
"1"," 1577.7218"
"1"," 1577.2331"
"1"," 1576.6104"
"1"," 1575.9604"
"1"," 1575.4053"
"1","
"
"1"," [401]"
"1"," 1574.7182"
"1"," 1574.0834"
"1"," 1573.5775"
"1"," 1573.0948"
"1"," 1572.5891"
"1"," 1572.0585"
"1"," 1571.5490"
"1"," 1571.0746"
"1"," 1570.6584"
"1"," 1570.2532"
"1"," 1569.8633"
"1"," 1569.4970"
"1"," 1569.0554"
"1"," 1568.4558"
"1"," 1567.9378"
"1"," 1567.4692"
"1","
"
"1"," [417]"
"1"," 1567.0000"
"1"," 1566.3732"
"1"," 1565.7407"
"1"," 1565.1713"
"1"," 1564.6126"
"1"," 1563.9101"
"1"," 1563.3028"
"1"," 1562.7950"
"1"," 1562.3118"
"1"," 1561.7097"
"1"," 1561.0492"
"1"," 1560.4109"
"1"," 1559.8372"
"1"," 1559.3631"
"1"," 1558.8760"
"1"," 1558.3919"
"1","
"
"1"," [433]"
"1"," 1557.8936"
"1"," 1557.2942"
"1"," 1556.5851"
"1"," 1555.8245"
"1"," 1555.0085"
"1"," 1554.2618"
"1"," 1553.6560"
"1"," 1553.0235"
"1"," 1552.4109"
"1"," 1551.7968"
"1"," 1551.1596"
"1"," 1550.4938"
"1"," 1549.8340"
"1"," 1549.2901"
"1"," 1548.7670"
"1"," 1548.2226"
"1","
"
"1"," [449]"
"1"," 1547.6409"
"1"," 1546.9147"
"1"," 1546.1441"
"1"," 1545.3788"
"1"," 1544.7799"
"1"," 1544.1639"
"1"," 1543.4763"
"1"," 1542.8504"
"1"," 1542.2409"
"1"," 1541.4624"
"1"," 1540.6152"
"1"," 1539.9462"
"1"," 1539.3983"
"1"," 1538.7178"
"1"," 1538.2140"
"1"," 1537.6380"
"1","
"
"1"," [465]"
"1"," 1536.9617"
"1"," 1536.3844"
"1"," 1535.8542"
"1"," 1535.3208"
"1"," 1534.6241"
"1"," 1533.9447"
"1"," 1533.3541"
"1"," 1532.7727"
"1"," 1532.1812"
"1"," 1531.5664"
"1"," 1530.9222"
"1"," 1530.1958"
"1"," 1529.4259"
"1"," 1528.7601"
"1"," 1528.0237"
"1"," 1527.1977"
"1","
"
"1"," [481]"
"1"," 1526.4625"
"1"," 1525.8021"
"1"," 1525.0485"
"1"," 1524.1811"
"1"," 1523.5465"
"1"," 1522.9268"
"1"," 1522.3095"
"1"," 1521.6666"
"1"," 1521.0253"
"1"," 1520.3349"
"1"," 1519.6437"
"1"," 1519.0067"
"1"," 1518.3713"
"1"," 1517.7441"
"1"," 1517.0872"
"1"," 1516.3606"
"1","
"
"1"," [497]"
"1"," 1515.6517"
"1"," 1514.9714"
"1"," 1514.2950"
"1"," 1513.5415"
"1"," 1512.7815"
"1"," 1512.0272"
"1"," 1511.3783"
"1"," 1510.7352"
"1"," 1510.0735"
"1"," 1509.3758"
"1"," 1508.6434"
"1"," 1507.8985"
"1"," 1507.1992"
"1"," 1506.5131"
"1"," 1505.7845"
"1"," 1504.9796"
"1","
"
"1"," [513]"
"1"," 1504.1128"
"1"," 1503.2315"
"1"," 1502.2953"
"1"," 1501.3730"
"1"," 1500.5261"
"1"," 1499.6719"
"1"," 1498.7918"
"1"," 1497.9208"
"1"," 1497.1021"
"1"," 1496.2944"
"1"," 1495.4581"
"1"," 1494.5768"
"1"," 1493.6679"
"1"," 1492.7686"
"1"," 1492.0007"
"1"," 1491.2271"
"1","
"
"1"," [529]"
"1"," 1490.4408"
"1"," 1489.5193"
"1"," 1488.5435"
"1"," 1487.7221"
"1"," 1486.9004"
"1"," 1486.1163"
"1"," 1485.3293"
"1"," 1484.5166"
"1"," 1483.6933"
"1"," 1482.7941"
"1"," 1481.8654"
"1"," 1480.9963"
"1"," 1480.1130"
"1"," 1479.2467"
"1"," 1478.3984"
"1"," 1477.5600"
"1","
"
"1"," [545]"
"1"," 1476.7374"
"1"," 1475.8799"
"1"," 1474.9949"
"1"," 1474.1121"
"1"," 1473.2539"
"1"," 1472.3505"
"1"," 1471.4954"
"1"," 1470.6995"
"1"," 1469.8598"
"1"," 1468.9213"
"1"," 1467.9602"
"1"," 1466.9727"
"1"," 1466.0163"
"1"," 1465.1115"
"1"," 1464.2153"
"1"," 1463.3414"
"1","
"
"1"," [561]"
"1"," 1462.4633"
"1"," 1461.5654"
"1"," 1460.5704"
"1"," 1459.5947"
"1"," 1458.6381"
"1"," 1457.6984"
"1"," 1456.7526"
"1"," 1455.8271"
"1"," 1454.9465"
"1"," 1454.0494"
"1"," 1453.0916"
"1"," 1452.1070"
"1"," 1451.1656"
"1"," 1450.1638"
"1"," 1449.1955"
"1"," 1448.2248"
"1","
"
"1"," [577]"
"1"," 1447.2973"
"1"," 1446.3855"
"1"," 1445.4594"
"1"," 1444.5013"
"1"," 1443.6000"
"1"," 1442.7118"
"1"," 1441.8435"
"1"," 1440.9881"
"1"," 1440.1215"
"1"," 1439.1739"
"1"," 1438.2698"
"1"," 1437.3835"
"1"," 1436.5036"
"1"," 1435.5381"
"1"," 1434.5384"
"1"," 1433.5268"
"1","
"
"1"," [593]"
"1"," 1432.4899"
"1"," 1431.4752"
"1"," 1430.5220"
"1"," 1429.5442"
"1"," 1428.5756"
"1"," 1427.6670"
"1"," 1426.7563"
"1"," 1425.8486"
"1"," 1424.9465"
"1"," 1424.0962"
"1"," 1423.2717"
"1"," 1422.4422"
"1"," 1421.5580"
"1"," 1420.6111"
"1"," 1419.7042"
"1"," 1418.8079"
"1","
"
"1"," [609]"
"1"," 1417.9002"
"1"," 1417.0007"
"1"," 1416.1118"
"1"," 1415.2568"
"1"," 1414.4260"
"1"," 1413.5934"
"1"," 1412.7887"
"1"," 1411.9811"
"1"," 1411.0878"
"1"," 1410.2100"
"1"," 1409.2591"
"1"," 1408.2850"
"1"," 1407.3350"
"1"," 1406.4453"
"1"," 1405.6228"
"1"," 1404.8056"
"1","
"
"1"," [625]"
"1"," 1403.9314"
"1"," 1403.1290"
"1"," 1402.3463"
"1"," 1401.5541"
"1"," 1400.6641"
"1"," 1399.8447"
"1"," 1399.0129"
"1"," 1398.1603"
"1"," 1397.3330"
"1"," 1396.5005"
"1"," 1395.7522"
"1"," 1395.0503"
"1"," 1394.3062"
"1"," 1393.5540"
"1"," 1392.7960"
"1"," 1392.0458"
"1","
"
"1"," [641]"
"1"," 1391.2978"
"1"," 1390.5460"
"1"," 1389.7815"
"1"," 1389.0279"
"1"," 1388.2936"
"1"," 1387.5764"
"1"," 1386.8309"
"1"," 1386.0794"
"1"," 1385.3283"
"1"," 1384.6557"
"1"," 1384.0386"
"1"," 1383.4142"
"1"," 1382.7508"
"1"," 1382.0545"
"1"," 1381.4274"
"1"," 1380.7948"
"1","
"
"1"," [657]"
"1"," 1380.1001"
"1"," 1379.3230"
"1"," 1378.5132"
"1"," 1377.6914"
"1"," 1376.9094"
"1"," 1376.1487"
"1"," 1375.5255"
"1"," 1374.8804"
"1"," 1374.2007"
"1"," 1373.6174"
"1"," 1373.0622"
"1"," 1372.4081"
"1"," 1371.8146"
"1"," 1371.1655"
"1"," 1370.3784"
"1"," 1369.7858"
"1","
"
"1"," [673]"
"1"," 1369.1908"
"1"," 1368.5154"
"1"," 1367.7585"
"1"," 1367.1335"
"1"," 1366.5455"
"1"," 1365.9101"
"1"," 1365.3601"
"1"," 1364.7636"
"1"," 1364.1443"
"1"," 1363.5706"
"1"," 1362.9585"
"1"," 1362.4548"
"1"," 1361.9117"
"1"," 1361.3437"
"1"," 1360.7390"
"1"," 1360.1452"
"1","
"
"1"," [689]"
"1"," 1359.5558"
"1"," 1358.9689"
"1"," 1358.3650"
"1"," 1357.8561"
"1"," 1357.3640"
"1"," 1356.8728"
"1"," 1356.3835"
"1"," 1355.8198"
"1"," 1355.2590"
"1"," 1354.7122"
"1"," 1354.2070"
"1"," 1353.6904"
"1"," 1353.0070"
"1"," 1352.2928"
"1"," 1351.6750"
"1"," 1351.1355"
"1","
"
"1"," [705]"
"1"," 1350.5919"
"1"," 1350.0661"
"1"," 1349.5447"
"1"," 1349.0164"
"1"," 1348.5034"
"1"," 1348.0246"
"1"," 1347.5773"
"1"," 1347.1529"
"1"," 1346.7093"
"1"," 1346.1794"
"1"," 1345.6930"
"1"," 1345.2020"
"1"," 1344.8087"
"1"," 1344.4370"
"1"," 1343.9694"
"1"," 1343.3611"
"1","
"
"1"," [721]"
"1"," 1342.9312"
"1"," 1342.5223"
"1"," 1342.0764"
"1"," 1341.5510"
"1"," 1341.0724"
"1"," 1340.5515"
"1"," 1340.0701"
"1"," 1339.5408"
"1"," 1338.9044"
"1"," 1338.4024"
"1"," 1337.8944"
"1"," 2211.7861"
"1"," 2211.1775"
"1"," 2210.5040"
"1"," 2209.8430"
"1"," 2209.1550"
"1","
"
"1"," [737]"
"1"," 2208.4581"
"1"," 2207.9047"
"1"," 2207.3619"
"1"," 2206.8930"
"1"," 2206.4568"
"1"," 2206.0362"
"1"," 2205.5176"
"1"," 2204.8177"
"1"," 2203.9414"
"1"," 2203.2054"
"1"," 2202.6278"
"1"," 2202.0414"
"1"," 2201.4610"
"1"," 2200.8157"
"1"," 2200.1255"
"1"," 2199.4581"
"1","
"
"1"," [753]"
"1"," 2198.8440"
"1"," 2198.1623"
"1"," 2197.4630"
"1"," 2196.7941"
"1"," 2196.1475"
"1"," 2195.4532"
"1"," 2194.7222"
"1"," 2194.0958"
"1"," 2193.5029"
"1"," 2192.9123"
"1"," 2192.3570"
"1"," 2191.7752"
"1"," 2191.1630"
"1"," 2190.5399"
"1"," 2189.9908"
"1"," 2189.4697"
"1","
"
"1"," [769]"
"1"," 2188.8675"
"1"," 2188.2256"
"1"," 2187.3876"
"1"," 2186.5203"
"1"," 2185.9493"
"1"," 2185.4177"
"1"," 2184.7275"
"1"," 2184.0657"
"1"," 2183.4575"
"1"," 2182.8832"
"1"," 2182.2495"
"1"," 2181.6747"
"1"," 2181.1126"
"1"," 2180.3874"
"1"," 2179.5485"
"1"," 2178.8378"
"1","
"
"1"," [785]"
"1"," 2178.1939"
"1"," 2177.5002"
"1"," 2176.6571"
"1"," 2175.7812"
"1"," 2174.9390"
"1"," 2174.3277"
"1"," 2173.6561"
"1"," 2172.8792"
"1"," 2171.9750"
"1"," 2171.2655"
"1"," 2170.6762"
"1"," 2170.1454"
"1"," 2169.6441"
"1"," 2169.0463"
"1"," 2168.2178"
"1"," 2167.4260"
"1","
"
"1"," [801]"
"1"," 2166.6205"
"1"," 2166.0077"
"1"," 2165.4866"
"1"," 2164.9643"
"1"," 2164.4310"
"1"," 2163.8615"
"1"," 2163.3517"
"1"," 2162.7948"
"1"," 2162.1814"
"1"," 2161.5247"
"1"," 2160.8760"
"1"," 2160.2097"
"1"," 2159.4940"
"1"," 2158.8569"
"1"," 2158.2956"
"1"," 2157.5839"
"1","
"
"1"," [817]"
"1"," 2156.7261"
"1"," 2156.0480"
"1"," 2155.2471"
"1"," 2154.4037"
"1"," 2153.6384"
"1"," 2152.9639"
"1"," 2152.2313"
"1"," 2151.5238"
"1"," 2150.7863"
"1"," 2149.9894"
"1"," 2149.0253"
"1"," 2148.2084"
"1"," 2147.4244"
"1"," 2146.7294"
"1"," 2146.0162"
"1"," 2145.2703"
"1","
"
"1"," [833]"
"1"," 2144.3627"
"1"," 2143.3895"
"1"," 2142.4590"
"1"," 2141.6562"
"1"," 2140.8785"
"1"," 2140.0175"
"1"," 2138.9720"
"1"," 2138.0837"
"1"," 2137.2823"
"1"," 2136.5141"
"1"," 2135.6336"
"1"," 2134.8180"
"1"," 2134.0431"
"1"," 2133.2894"
"1"," 2132.5175"
"1"," 2131.7121"
"1","
"
"1"," [849]"
"1"," 2130.8623"
"1"," 2129.9600"
"1"," 2128.9367"
"1"," 2127.8351"
"1"," 2126.9271"
"1"," 2125.9136"
"1"," 2124.9371"
"1"," 2124.1061"
"1"," 2123.2881"
"1"," 2122.3958"
"1"," 2121.5670"
"1"," 2120.8124"
"1"," 2120.0655"
"1"," 2119.2926"
"1"," 2118.4752"
"1"," 2117.6886"
"1","
"
"1"," [865]"
"1"," 2116.9123"
"1"," 2116.1584"
"1"," 2115.2849"
"1"," 2114.4319"
"1"," 2113.5196"
"1"," 2112.4604"
"1"," 2111.3283"
"1"," 2110.2233"
"1"," 2109.3339"
"1"," 2108.4965"
"1"," 2107.6274"
"1"," 2106.7610"
"1"," 2105.9090"
"1"," 2104.9954"
"1"," 2104.0584"
"1"," 2103.1501"
"1","
"
"1"," [881]"
"1"," 2102.2588"
"1"," 2101.3979"
"1"," 2100.5452"
"1"," 2099.6099"
"1"," 2098.6263"
"1"," 2097.6615"
"1"," 2096.7703"
"1"," 2095.7700"
"1"," 2094.7860"
"1"," 2093.8924"
"1"," 2093.0604"
"1"," 2092.2166"
"1"," 2091.2700"
"1"," 2090.2145"
"1"," 2089.1063"
"1"," 2087.9628"
"1","
"
"1"," [897]"
"1"," 2086.7992"
"1"," 2085.7494"
"1"," 2084.7752"
"1"," 2083.7796"
"1"," 2082.7063"
"1"," 2081.5640"
"1"," 2080.4622"
"1"," 2079.4049"
"1"," 2078.3487"
"1"," 2077.2827"
"1"," 2076.1700"
"1"," 2075.0687"
"1"," 2074.0203"
"1"," 2073.0288"
"1"," 2072.0519"
"1"," 2071.1050"
"1","
"
"1"," [913]"
"1"," 2070.0704"
"1"," 2068.9541"
"1"," 2067.8679"
"1"," 2066.7588"
"1"," 2065.6472"
"1"," 2064.5972"
"1"," 2063.5477"
"1"," 2062.5379"
"1"," 2061.4730"
"1"," 2060.3878"
"1"," 2059.3681"
"1"," 2058.3074"
"1"," 2057.1628"
"1"," 2056.0255"
"1"," 2054.8481"
"1"," 2053.7807"
"1","
"
"1"," [929]"
"1"," 2052.7178"
"1"," 2051.6851"
"1"," 2050.6314"
"1"," 2049.5672"
"1"," 2048.4723"
"1"," 2047.3024"
"1"," 2046.1461"
"1"," 2045.0292"
"1"," 2043.9548"
"1"," 2042.8719"
"1"," 2041.8753"
"1"," 2040.9100"
"1"," 2039.8811"
"1"," 2038.8615"
"1"," 2037.8913"
"1"," 2036.9377"
"1","
"
"1"," [945]"
"1"," 2035.9402"
"1"," 2034.8825"
"1"," 2033.8351"
"1"," 2032.8458"
"1"," 2031.7962"
"1"," 2030.7991"
"1"," 2029.8428"
"1"," 2028.8925"
"1"," 2027.9375"
"1"," 2026.9612"
"1"," 2025.9896"
"1"," 2024.9966"
"1"," 2023.9838"
"1"," 2022.9627"
"1"," 2021.9694"
"1"," 2020.9558"
"1","
"
"1"," [961]"
"1"," 2019.9024"
"1"," 2018.8731"
"1"," 2017.7788"
"1"," 2016.7047"
"1"," 2015.6940"
"1"," 2014.6560"
"1"," 2013.5277"
"1"," 2012.4885"
"1"," 2011.5247"
"1"," 2010.5732"
"1"," 2009.6338"
"1"," 2008.6819"
"1"," 2007.7337"
"1"," 2006.8309"
"1"," 2005.9158"
"1"," 2004.9284"
"1","
"
"1"," [977]"
"1"," 2004.0747"
"1"," 2003.2094"
"1"," 2002.2829"
"1"," 2001.3236"
"1"," 2000.2852"
"1"," 1999.3900"
"1"," 1998.5210"
"1"," 1997.6618"
"1"," 1996.8347"
"1"," 1995.9979"
"1"," 1995.1444"
"1"," 1994.2560"
"1"," 1993.3222"
"1"," 1992.3278"
"1"," 1991.3512"
"1"," 1990.3761"
"1","
"
"1"," [993]"
"1"," 1989.4051"
"1"," 1988.4256"
"1"," 1987.4649"
"1"," 1986.4544"
"1"," 1985.4461"
"1"," 1984.4744"
"1"," 1983.4857"
"1"," 1982.5058"
"1","
"
"1"," [ reached 'max' / getOption(""max.print"") -- omitted 96 entries ]
"
"1","  [1]"
"1","  768.0885"
"1","  767.4577"
"1","  766.8308"
"1","  766.2044"
"1","  765.5720"
"1","  764.9182"
"1","  764.2608"
"1","  763.6510"
"1","  763.0428"
"1","  762.4025"
"1","  761.7533"
"1","  761.1175"
"1","  760.6272"
"1","  760.1595"
"1","  759.6618"
"1","  759.1441"
"1","
"
"1"," [17]"
"1","  758.5934"
"1","  758.0078"
"1","  757.4428"
"1","  756.8429"
"1","  756.2358"
"1","  755.6903"
"1","  755.2303"
"1","  754.7532"
"1","  754.2490"
"1","  753.7399"
"1","  753.1836"
"1","  752.6627"
"1","  752.2160"
"1","  751.7217"
"1","  751.1677"
"1","  750.5914"
"1","
"
"1"," [33]"
"1","  749.9897"
"1","  749.4271"
"1","  748.9809"
"1","  748.5485"
"1","  748.0659"
"1","  747.5016"
"1","  746.8746"
"1","  746.2121"
"1","  745.5505"
"1","  745.0333"
"1","  744.5565"
"1","  743.9668"
"1","  743.3034"
"1","  742.6060"
"1","  741.9007"
"1","  741.3006"
"1","
"
"1"," [49]"
"1","  740.7338"
"1","  740.1283"
"1","  739.4746"
"1","  738.9244"
"1","  738.4399"
"1","  737.9613"
"1","  737.4759"
"1","  736.9909"
"1","  736.4597"
"1","  735.8415"
"1","  735.2033"
"1","  734.5477"
"1","  734.0405"
"1","  733.5601"
"1","  733.0964"
"1","  732.6923"
"1","
"
"1"," [65]"
"1","  732.2902"
"1","  731.8987"
"1","  731.4383"
"1","  730.9268"
"1","  730.3809"
"1","  729.7958"
"1","  729.2070"
"1","  728.7374"
"1","  728.3097"
"1","  727.8189"
"1","  727.2214"
"1","  726.5995"
"1","  725.9947"
"1","  725.4464"
"1","  724.9745"
"1","  724.4073"
"1","
"
"1"," [81]"
"1","  723.8484"
"1","  723.3623"
"1","  722.8525"
"1","  722.2985"
"1","  721.6907"
"1"," 1481.7231"
"1"," 1480.8530"
"1"," 1480.2295"
"1"," 1479.6603"
"1"," 1478.9565"
"1"," 1478.1046"
"1"," 1477.2352"
"1"," 1476.3209"
"1"," 1475.3274"
"1"," 1474.3438"
"1"," 1473.4176"
"1","
"
"1"," [97]"
"1"," 1472.5608"
"1"," 1471.8082"
"1"," 1471.2490"
"1"," 1470.5613"
"1"," 1469.8376"
"1"," 1468.9424"
"1"," 1467.9806"
"1"," 1467.1769"
"1"," 1466.3106"
"1"," 1465.3173"
"1"," 1464.2965"
"1"," 1463.2598"
"1"," 1462.2440"
"1"," 1461.3969"
"1"," 1460.5795"
"1"," 1459.8085"
"1","
"
"1","[113]"
"1"," 1459.1482"
"1"," 1458.4795"
"1"," 1457.8770"
"1"," 1457.2384"
"1"," 1456.4904"
"1"," 1455.6657"
"1"," 1454.8467"
"1"," 1454.0341"
"1"," 1453.1770"
"1"," 1452.4370"
"1"," 1451.7701"
"1"," 1451.0880"
"1"," 1450.4242"
"1"," 1449.7982"
"1"," 1449.1063"
"1"," 1448.5014"
"1","
"
"1","[129]"
"1"," 1447.9992"
"1"," 1447.3330"
"1"," 1446.4825"
"1"," 1445.5994"
"1"," 1444.6638"
"1"," 1443.8464"
"1"," 1443.0455"
"1"," 1442.3950"
"1"," 1441.7585"
"1"," 1441.0243"
"1"," 1440.2522"
"1"," 1439.4443"
"1"," 1438.6393"
"1"," 1438.0140"
"1"," 1437.2981"
"1"," 1436.4582"
"1","
"
"1","[145]"
"1"," 1435.6204"
"1"," 1434.7177"
"1"," 1433.8957"
"1"," 1432.9975"
"1"," 1432.0503"
"1"," 1431.2103"
"1"," 1430.3649"
"1"," 1429.4900"
"1"," 1428.5713"
"1"," 1427.6367"
"1"," 1426.6915"
"1"," 1425.7650"
"1"," 1424.8076"
"1"," 1423.8176"
"1"," 1422.8073"
"1"," 1421.8225"
"1","
"
"1","[161]"
"1"," 1420.8302"
"1"," 1419.8648"
"1"," 1418.8872"
"1"," 1417.9762"
"1"," 1417.0975"
"1"," 1416.2475"
"1"," 1415.3193"
"1"," 1414.4965"
"1"," 1413.5517"
"1"," 1412.6569"
"1"," 1411.7883"
"1"," 1410.9064"
"1"," 1410.0083"
"1"," 1409.0938"
"1"," 1408.1572"
"1"," 1407.2164"
"1","
"
"1","[177]"
"1"," 1406.2471"
"1"," 1405.2369"
"1"," 1404.2342"
"1"," 1403.2395"
"1"," 1402.2633"
"1"," 1401.2927"
"1"," 1400.3948"
"1"," 1399.5051"
"1"," 1398.6321"
"1"," 1397.7332"
"1"," 1396.8289"
"1"," 1395.9130"
"1"," 1395.0352"
"1"," 1394.1053"
"1"," 1393.1709"
"1"," 1392.2046"
"1","
"
"1","[193]"
"1"," 1391.2264"
"1"," 1390.3029"
"1"," 1389.3921"
"1"," 1388.5199"
"1"," 1387.7077"
"1"," 1386.9104"
"1"," 1386.1887"
"1"," 1385.4882"
"1"," 1384.7784"
"1"," 1383.9919"
"1"," 1383.1624"
"1"," 1382.3250"
"1"," 1381.4675"
"1"," 1380.6052"
"1"," 1379.7271"
"1"," 1378.8408"
"1","
"
"1","[209]"
"1"," 1377.9434"
"1"," 1376.9977"
"1"," 1376.0806"
"1"," 1375.1313"
"1"," 1374.1767"
"1"," 1373.2108"
"1"," 1372.2635"
"1"," 1371.3354"
"1"," 1370.5035"
"1"," 1369.6168"
"1"," 1368.6150"
"1"," 1367.6150"
"1"," 1366.6707"
"1"," 1365.7359"
"1"," 1364.7910"
"1"," 1363.8452"
"1","
"
"1","[225]"
"1"," 1362.9829"
"1"," 1362.1168"
"1"," 1361.2517"
"1"," 1360.3672"
"1"," 1359.4844"
"1"," 1358.5846"
"1"," 1357.6828"
"1"," 1356.7821"
"1"," 1355.8807"
"1"," 1354.9514"
"1"," 1354.0302"
"1"," 1353.1173"
"1"," 1352.2037"
"1"," 1351.2832"
"1"," 1350.3000"
"1"," 1349.3802"
"1","
"
"1","[241]"
"1"," 1348.3831"
"1"," 1347.3731"
"1"," 1346.3569"
"1"," 1345.3375"
"1"," 1344.3336"
"1"," 1343.3138"
"1"," 1342.2832"
"1"," 1341.2065"
"1"," 1340.1045"
"1"," 1339.0682"
"1"," 1338.0486"
"1"," 1337.0664"
"1"," 1336.0412"
"1"," 1335.0262"
"1"," 1334.0210"
"1"," 1332.9898"
"1","
"
"1","[257]"
"1"," 1331.9576"
"1"," 1330.9587"
"1"," 1329.9577"
"1"," 1328.9484"
"1"," 1327.9182"
"1"," 1326.8690"
"1"," 1325.8508"
"1"," 1324.8833"
"1"," 1323.9014"
"1"," 1322.9342"
"1"," 1321.9854"
"1"," 1321.0539"
"1"," 1320.1019"
"1"," 1319.1614"
"1"," 1318.2258"
"1"," 1317.3246"
"1","
"
"1","[273]"
"1"," 1316.4216"
"1"," 1315.5118"
"1"," 1314.6282"
"1"," 1313.7125"
"1"," 1312.8239"
"1"," 1311.9155"
"1"," 1311.0130"
"1"," 1310.0783"
"1"," 1309.1015"
"1"," 1308.0988"
"1"," 1307.1041"
"1"," 1306.1213"
"1"," 1305.1337"
"1"," 1304.1643"
"1"," 1303.1942"
"1"," 1302.2897"
"1","
"
"1","[289]"
"1"," 1301.4364"
"1"," 1300.5190"
"1"," 1299.6222"
"1"," 1298.6987"
"1"," 1297.7630"
"1"," 1296.8232"
"1"," 1295.9036"
"1"," 1295.0046"
"1"," 1294.0710"
"1"," 1293.1299"
"1"," 1292.1836"
"1"," 1291.2293"
"1"," 1290.2853"
"1"," 1289.3279"
"1"," 1288.4004"
"1"," 1287.4846"
"1","
"
"1","[305]"
"1"," 1286.5693"
"1"," 1285.6729"
"1"," 1284.7528"
"1"," 1283.8296"
"1"," 1282.8684"
"1"," 1281.9781"
"1"," 1281.0656"
"1"," 1280.1500"
"1"," 1279.2181"
"1"," 1278.2986"
"1"," 1277.3906"
"1"," 1276.4953"
"1"," 1275.6251"
"1"," 1274.7559"
"1"," 1273.8643"
"1"," 1272.9856"
"1","
"
"1","[321]"
"1"," 1272.1230"
"1"," 1271.2649"
"1"," 1270.4043"
"1"," 1269.5325"
"1"," 1268.6364"
"1"," 1267.7839"
"1"," 1266.9236"
"1"," 1266.0815"
"1"," 1265.2066"
"1"," 1264.3298"
"1"," 1263.4398"
"1"," 1262.5523"
"1"," 1261.6756"
"1"," 1260.7728"
"1"," 1259.8740"
"1"," 1258.9705"
"1","
"
"1","[337]"
"1"," 1258.0807"
"1"," 1257.1874"
"1"," 1256.3737"
"1"," 1255.5699"
"1"," 1254.7482"
"1"," 1253.8929"
"1"," 1253.0295"
"1"," 1252.1706"
"1"," 1251.3256"
"1"," 1250.4618"
"1"," 1249.5691"
"1"," 1248.7482"
"1"," 1247.9622"
"1"," 1247.1621"
"1"," 1246.3408"
"1"," 1245.4941"
"1","
"
"1","[353]"
"1"," 1244.6338"
"1"," 1243.7682"
"1"," 1242.9341"
"1"," 1242.1006"
"1"," 1241.2623"
"1"," 1240.3938"
"1"," 1239.5137"
"1"," 1238.5928"
"1"," 1237.8377"
"1"," 1237.0930"
"1"," 1236.3108"
"1"," 1235.5012"
"1"," 1234.6932"
"1"," 1233.8858"
"1"," 1233.1865"
"1"," 1232.5143"
"1","
"
"1","[369]"
"1"," 1231.7997"
"1"," 1231.0205"
"1"," 1230.2403"
"1"," 1229.4498"
"1"," 1228.6440"
"1"," 1227.8052"
"1"," 1227.0096"
"1"," 1226.2513"
"1"," 1225.4421"
"1"," 1224.6374"
"1"," 1223.9128"
"1"," 1223.1998"
"1"," 1222.4608"
"1"," 1221.7073"
"1"," 1220.9228"
"1"," 1220.1293"
"1","
"
"1","[385]"
"1"," 1219.3379"
"1"," 1218.5678"
"1"," 1217.9600"
"1"," 1217.3833"
"1"," 1216.8149"
"1"," 1216.2344"
"1"," 1215.5622"
"1"," 1214.8370"
"1"," 1214.0500"
"1"," 1213.2749"
"1"," 1212.5278"
"1"," 1211.7899"
"1"," 1211.1751"
"1"," 1210.5563"
"1"," 1209.9636"
"1"," 1209.3293"
"1","
"
"1","[401]"
"1"," 1208.6315"
"1"," 1207.8803"
"1"," 1207.1737"
"1"," 1206.6264"
"1"," 1206.0126"
"1"," 1205.3769"
"1"," 1204.7129"
"1"," 1204.0497"
"1"," 1203.3938"
"1"," 1202.6916"
"1"," 1201.9914"
"1"," 1201.2628"
"1"," 1200.5668"
"1"," 1199.8025"
"1"," 1199.1856"
"1"," 1198.5324"
"1","
"
"1","[417]"
"1"," 1197.7232"
"1"," 1196.9083"
"1"," 1196.2170"
"1"," 1195.4985"
"1"," 1194.7387"
"1"," 1193.9589"
"1"," 1193.1694"
"1"," 1192.3398"
"1"," 1191.4413"
"1"," 1190.5982"
"1","
"
"1","  [1]"
"1"," 318.0880"
"1"," 317.8775"
"1"," 317.6722"
"1"," 317.4663"
"1"," 317.2680"
"1"," 316.9899"
"1"," 316.7196"
"1"," 316.4742"
"1"," 316.2589"
"1"," 316.0546"
"1"," 315.8475"
"1"," 315.6373"
"1"," 315.4389"
"1"," 315.2336"
"1"," 315.0266"
"1"," 314.8179"
"1"," 314.6191"
"1"," 314.4093"
"1","
"
"1"," [19]"
"1"," 314.2109"
"1"," 314.0072"
"1"," 313.7983"
"1"," 313.5890"
"1"," 313.3784"
"1"," 313.1366"
"1"," 312.9100"
"1"," 312.7020"
"1"," 312.4761"
"1"," 312.2347"
"1"," 312.0288"
"1"," 311.8273"
"1"," 311.6368"
"1"," 311.4260"
"1"," 311.1985"
"1"," 310.9710"
"1"," 310.7339"
"1"," 310.4834"
"1","
"
"1"," [37]"
"1"," 310.1886"
"1"," 309.9418"
"1"," 309.7086"
"1"," 309.4606"
"1"," 309.2171"
"1"," 308.9694"
"1"," 308.6931"
"1"," 308.4441"
"1"," 308.2297"
"1"," 308.0212"
"1"," 307.7884"
"1"," 307.5439"
"1"," 307.3193"
"1"," 307.0959"
"1"," 306.8527"
"1"," 306.6131"
"1"," 306.3636"
"1"," 306.1166"
"1","
"
"1"," [55]"
"1"," 305.8562"
"1"," 305.5967"
"1"," 305.3388"
"1"," 305.0713"
"1"," 304.8016"
"1"," 304.5449"
"1"," 304.3224"
"1"," 304.0719"
"1"," 303.7935"
"1"," 303.5308"
"1"," 303.2623"
"1"," 303.0151"
"1"," 302.7589"
"1"," 302.5079"
"1"," 302.2510"
"1"," 301.9822"
"1"," 301.6937"
"1"," 301.4204"
"1","
"
"1"," [73]"
"1"," 301.1620"
"1"," 300.9044"
"1"," 300.6502"
"1"," 300.3714"
"1"," 300.0817"
"1"," 299.8173"
"1"," 299.5357"
"1"," 299.2342"
"1"," 298.9331"
"1"," 298.6314"
"1"," 298.3179"
"1"," 298.0097"
"1"," 297.7422"
"1"," 297.4728"
"1"," 297.1808"
"1"," 296.8907"
"1"," 296.6072"
"1"," 296.3299"
"1","
"
"1"," [91]"
"1"," 296.0376"
"1"," 295.7296"
"1"," 295.4438"
"1"," 295.1533"
"1"," 294.8521"
"1"," 294.5907"
"1"," 294.2896"
"1"," 293.9522"
"1"," 293.6252"
"1"," 293.3508"
"1"," 293.1010"
"1"," 292.8331"
"1"," 292.5682"
"1"," 292.2904"
"1"," 292.0104"
"1"," 291.7070"
"1"," 291.3967"
"1"," 291.0784"
"1","
"
"1","[109]"
"1"," 290.7801"
"1"," 290.4902"
"1"," 290.2145"
"1"," 289.9269"
"1"," 289.6539"
"1"," 289.3904"
"1"," 289.1214"
"1"," 288.8388"
"1"," 288.5526"
"1"," 288.2709"
"1"," 288.0119"
"1"," 287.7531"
"1"," 287.4723"
"1"," 287.1882"
"1"," 286.9357"
"1"," 286.6868"
"1"," 286.4312"
"1"," 286.1682"
"1","
"
"1","[127]"
"1"," 285.8951"
"1"," 285.5928"
"1"," 285.3111"
"1"," 285.0294"
"1"," 284.7343"
"1"," 284.4667"
"1"," 284.2259"
"1"," 283.9931"
"1"," 283.7650"
"1"," 283.5243"
"1"," 283.2698"
"1"," 283.0011"
"1"," 282.7284"
"1"," 282.4721"
"1"," 282.2355"
"1"," 281.9868"
"1"," 281.7365"
"1"," 281.4705"
"1","
"
"1","[145]"
"1"," 281.2379"
"1"," 281.0079"
"1"," 280.7762"
"1"," 280.5367"
"1"," 280.3062"
"1"," 280.0656"
"1"," 279.7888"
"1"," 279.5651"
"1"," 279.3501"
"1"," 279.1244"
"1"," 278.8692"
"1"," 278.6394"
"1"," 278.4176"
"1"," 278.2137"
"1"," 278.0103"
"1"," 277.7784"
"1"," 277.5248"
"1"," 277.2583"
"1","
"
"1","[163]"
"1"," 276.9711"
"1"," 276.7185"
"1"," 276.4937"
"1"," 276.2562"
"1"," 276.0288"
"1"," 275.7789"
"1"," 275.5437"
"1"," 275.3432"
"1"," 275.1137"
"1"," 274.8765"
"1"," 274.6835"
"1"," 274.4895"
"1"," 274.3080"
"1"," 274.0961"
"1"," 273.8434"
"1"," 273.6305"
"1"," 273.4223"
"1"," 273.2185"
"1","
"
"1","[181]"
"1"," 273.0178"
"1"," 272.8182"
"1"," 272.6185"
"1"," 272.4174"
"1"," 272.2216"
"1"," 272.0268"
"1"," 271.8308"
"1"," 271.6391"
"1"," 271.4649"
"1"," 271.2856"
"1"," 271.0915"
"1"," 270.9005"
"1"," 270.6932"
"1"," 270.4957"
"1"," 270.2992"
"1"," 270.1108"
"1"," 269.9273"
"1"," 269.7395"
"1","
"
"1","[199]"
"1"," 269.5473"
"1"," 269.3410"
"1","
"
"0","    "
"0","#Create a new dataset that included model results"
"0","    All_sites_master_results$Reco_mod<-Reco_mod$Reco_full"
"0","    "
"0","    #make plots for each site"
"0","        EDN <- subset(All_sites_master_results, site_char == ""US_EDN"")"
"0","  US_EDN_Reco<-ggplot(EDN, aes(DOY)) +"
"0","  geom_line(aes(x = DOY, y = Reco_mod))+"
"0","  geom_line(aes(x = DOY, y = Reco_gC_m2_day), color = ""red"")+"
"0","  ## To make the plot look prettier"
"0","  theme_bw(base_size = 12) +"
"0","  theme(axis.line = element_line(colour = ""black""),"
"0","        panel.grid.major = element_blank(),"
"0","        panel.grid.minor = element_blank(),"
"0","        panel.border = element_rect(colour = ""black""),"
"0","        panel.background = element_blank(),"
"0","        legend.position = ""center"")"
"0","  "
"0","        SRR <- subset(All_sites_master_results, site_char == ""US_SRR"")"
"0","  US_SRR_Reco<-ggplot(SRR, aes(DOY)) +"
"0","   geom_line(aes(x = DOY, y = Reco_mod))+"
"0","  geom_line(aes(x = DOY, y = Reco_gC_m2_day), color = ""red"")+"
"0","  ## To make the plot look prettier"
"0","  theme_bw(base_size = 12) +"
"0","  theme(axis.line = element_line(colour = ""black""),"
"0","        panel.grid.major = element_blank(),"
"0","        panel.grid.minor = element_blank(),"
"0","        panel.border = element_rect(colour = ""black""),"
"0","        panel.background = element_blank(),"
"0","        legend.position = ""center"")"
"0","  "
"0","   STJ <- subset(All_sites_master_results, site_char == ""US_STJ"")"
"0","  US_STJ_Reco<-ggplot(STJ, aes(DOY)) +"
"0","   geom_line(aes(x = DOY, y = Reco_mod))+"
"0","  geom_line(aes(x = DOY, y = Reco_gC_m2_day), color = ""red"")+"
"0","  ## To make the plot look prettier"
"0","  theme_bw(base_size = 12) +"
"0","  theme(axis.line = element_line(colour = ""black""),"
"0","        panel.grid.major = element_blank(),"
"0","        panel.grid.minor = element_blank(),"
"0","        panel.border = element_rect(colour = ""black""),"
"0","        panel.background = element_blank(),"
"0","        legend.position = ""center"")"
"0","  "
"0","     LA1 <- subset(All_sites_master_results, site_char == ""US_LA1"")"
"0","  US_LA1_Reco<-ggplot(LA1, aes(DOY)) +"
"0","   geom_line(aes(x = DOY, y = Reco_mod))+"
"0","  geom_line(aes(x = DOY, y = Reco_gC_m2_day), color = ""red"")+"
"0","  ## To make the plot look prettier"
"0","  theme_bw(base_size = 12) +"
"0","  theme(axis.line = element_line(colour = ""black""),"
"0","        panel.grid.major = element_blank(),"
"0","        panel.grid.minor = element_blank(),"
"0","        panel.border = element_rect(colour = ""black""),"
"0","        panel.background = element_blank(),"
"0","        legend.position = ""center"")"
"0","  "
"0","       PLM <- subset(All_sites_master_results, site_char == ""US_PLM"")"
"0","  US_PLM_Reco<-ggplot(PLM, aes(DOY)) +"
"0","  geom_line(aes(x = DOY, y = Reco_mod))+"
"0","  geom_line(aes(x = DOY, y = Reco_gC_m2_day), color = ""red"")+"
"0","  ## To make the plot look prettier"
"0","  theme_bw(base_size = 12) +"
"0","  theme(axis.line = element_line(colour = ""black""),"
"0","        panel.grid.major = element_blank(),"
"0","        panel.grid.minor = element_blank(),"
"0","        panel.border = element_rect(colour = ""black""),"
"0","        panel.background = element_blank(),"
"0","        legend.position = ""center"")"
"0",""
"0","grid.arrange(US_EDN_Reco, US_SRR_Reco, US_STJ_Reco, US_LA1_Reco, US_PLM_Reco, ncol=1, nrow =5)"
